Workbook

Sheet EINDTABEL 1 met formule
A1: SBI-CODE | B1: SBI-CODE 2008 | D1: OMSCHRIJVING | E1: AFSTANDEN IN METERS
C2: nummer | E2: GEUR | F2: STOF | G2: GELUID | J2: GEVAAR | L2: VERKEER | O2: GROOTSTE AFSTAND | P2: CAT | R2: CATEGORIE | X2: NIEUW
A3: 15 | B3: 10, 11 | C3: - | D3: VERVAARDIGING VAN VOEDINGSMIDDELEN EN DRANKEN | P3: =VLOOKUP($O3,codetabel!$A$1:$B$12,2,FALSE) -> #N/A | R3: =IF(ISNA(P3),"",P3)
A4: 151 | B4: 101, 102 | C4: 0 | D4: Slachterijen en overige vleesverwerking: | P4: =VLOOKUP($O4,codetabel!$A$1:$B$12,2,FALSE) -> #N/A | R4: =IF(ISNA(P4),"",P4)
A5: 151 | B5: 101, 102 | C5: 1 | D5: - slachterijen en pluimveeslachterijen | E5: 100 | F5: 0 | G5: 100 | H5: C | J5: 50 | K5: R | L5: 2 | M5: G | O5: =MAX(J5,G5,F5,E5) -> 100 | P5: =VLOOKUP($O5,codetabel!$A$1:$B$12,2,FALSE) -> 3.2 | Q5: D | R5: =IF(ISNA(P5),"",P5) -> 3.2
A6: 151 | B6: 101 | C6: 3 | D6: - bewerkingsinrichting van darmen en vleesafval | E6: 300 | F6: 0 | G6: 100 | H6: C | J6: 50 | K6: R | L6: 2 | M6: G | O6: =MAX(J6,G6,F6,E6) -> 300 | P6: =VLOOKUP($O6,codetabel!$A$1:$B$12,2,FALSE) -> 4.2 | R6: =IF(ISNA(P6),"",P6) -> 4.2
A7: 151 | B7: 101 | C7: 4 | D7: - vleeswaren- en vleesconservenfabrieken: p.o. > 1000 m² | E7: 100 | F7: 0 | G7: 100 | H7: C | J7: 50 | K7: R | L7: 2 | M7: G | O7: =MAX(J7,G7,F7,E7) -> 100 | P7: =VLOOKUP($O7,codetabel!$A$1:$B$12,2,FALSE) -> 3.2 | R7: =IF(ISNA(P7),"",P7) -> 3.2
A8: 151 | B8: 101 | C8: 5 | D8: - vleeswaren- en vleesconservenfabrieken: p.o. <= 1000 m² | E8: 50 | F8: 0 | G8: 50 | H8: C | J8: 30 | L8: 1 | M8: G | O8: =MAX(J8,G8,F8,E8) -> 50 | P8: =VLOOKUP($O8,codetabel!$A$1:$B$12,2,FALSE) -> 3.1 | R8: =IF(ISNA(P8),"",P8) -> 3.1 | X8: X
A9: 151 | B9: 101 | C9: 6 | D9: - vleeswaren- en vleesconservenfabrieken: p.o. <= 200 m² | E9: 30 | F9: 0 | G9: 50 | J9: 10 | L9: 1 | M9: G | O9: =MAX(J9,G9,F9,E9) -> 50 | P9: =VLOOKUP($O9,codetabel!$A$1:$B$12,2,FALSE) -> 3.1 | R9: =IF(ISNA(P9),"",P9) -> 3.1 | X9: X
A10: 151 | B10: 101, 102 | C10: 7 | D10: - loonslachterijen | E10: 50 | F10: 0 | G10: 50 | J10: 10 | L10: 1 | M10: G | O10: =MAX(J10,G10,F10,E10) -> 50 | P10: =VLOOKUP($O10,codetabel!$A$1:$B$12,2,FALSE) -> 3.1 | R10: =IF(ISNA(P10),"",P10) -> 3.1
A11: 151 | B11: 108 | C11: 8 | D11: - vervaardiging van snacks en vervaardiging van kant-en-klaar-maaltijden met p.o. < 2.000 m² | E11: 50 | F11: 0 | G11: 50 | J11: 10 | L11: 2 | M11: G | O11: =MAX(J11,G11,F11,E11) -> 50 | P11: =VLOOKUP($O11,codetabel!$A$1:$B$12,2,FALSE) -> 3.1 | R11: =IF(ISNA(P11),"",P11) -> 3.1 | X11: X
A12: 152 | B12: 102 | C12: 0 | D12: Visverwerkingsbedrijven: | P12: =VLOOKUP($O12,codetabel!$A$1:$B$12,2,FALSE) -> #N/A | R12: =IF(ISNA(P12),"",P12)
A13: 152 | B13: 102 | C13: 2 | D13: - conserveren | E13: 200 | F13: 0 | G13: 100 | H13: C | J13: 30 | L13: 2 | M13: G | O13: =MAX(J13,G13,F13,E13) -> 200 | P13: =VLOOKUP($O13,codetabel!$A$1:$B$12,2,FALSE) -> 4.1 | R13: =IF(ISNA(P13),"",P13) -> 4.1
A14: 152 | B14: 102 | C14: 3 | D14: - roken | E14: 300 | F14: 0 | G14: 50 | H14: C | J14: 0 | L14: 1 | M14: G | O14: =MAX(J14,G14,F14,E14) -> 300 | P14: =VLOOKUP($O14,codetabel!$A$1:$B$12,2,FALSE) -> 4.2 | R14: =IF(ISNA(P14),"",P14) -> 4.2
A15: 152 | B15: 102 | C15: 4 | D15: - verwerken anderszins: p.o.> 1000 m² | E15: 300 | F15: 10 | G15: 50 | H15: C | J15: 30 | L15: 2 | M15: G | O15: =MAX(J15,G15,F15,E15) -> 300 | P15: =VLOOKUP($O15,codetabel!$A$1:$B$12,2,FALSE) -> 4.2 | Q15: D | R15: =IF(ISNA(P15),"",P15) -> 4.2
A16: 152 | B16: 102 | C16: 5 | D16: - verwerken anderszins: p.o. <= 1000 m² | E16: 100 | F16: 10 | G16: 50 | J16: 30 | L16: 1 | M16: G | O16: =MAX(J16,G16,F16,E16) -> 100 | P16: =VLOOKUP($O16,codetabel!$A$1:$B$12,2,FALSE) -> 3.2 | R16: =IF(ISNA(P16),"",P16) -> 3.2 | X16: X
A17: 152 | B17: 102 | C17: 6 | D17: - verwerken anderszins: p.o. <= 300 m² | E17: 50 | F17: 10 | G17: 30 | J17: 10 | L17: 1 | M17: G | O17: =MAX(J17,G17,F17,E17) -> 50 | P17: =VLOOKUP($O17,codetabel!$A$1:$B$12,2,FALSE) -> 3.1 | R17: =IF(ISNA(P17),"",P17) -> 3.1 | X17: X
A18: 1531 | B18: 1031 | C18: 0 | D18: Aardappelprodukten fabrieken: | P18: =VLOOKUP($O18,codetabel!$A$1:$B$12,2,FALSE) -> #N/A | R18: =IF(ISNA(P18),"",P18)
A19: 1531 | B19: 1031 | C19: 1 | D19: - vervaardiging van aardappelproducten | E19: 300 | F19: 30 | G19: 200 | H19: C | J19: 50 | K19: R | L19: 2 | M19: G | O19: =MAX(J19,G19,F19,E19) -> 300 | P19: =VLOOKUP($O19,codetabel!$A$1:$B$12,2,FALSE) -> 4.2 | R19: =IF(ISNA(P19),"",P19) -> 4.2 | X19: X
A20: 1531 | B20: 1031 | C20: 2 | D20: - vervaardiging van snacks met p.o. < 2.000 m² | E20: 50 | F20: 10 | G20: 50 | J20: 50 | K20: R | L20: 1 | M20: G | O20: =MAX(J20,G20,F20,E20) -> 50 | P20: =VLOOKUP($O20,codetabel!$A$1:$B$12,2,FALSE) -> 3.1 | R20: =IF(ISNA(P20),"",P20) -> 3.1 | X20: X
A21: 1532, 1533 | B21: 1032, 1039 | C21: 0 | D21: Groente- en fruitconservenfabrieken: | P21: =VLOOKUP($O21,codetabel!$A$1:$B$12,2,FALSE) -> #N/A | R21: =IF(ISNA(P21),"",P21)
A22: 1532, 1533 | B22: 1032, 1039 | C22: 1 | D22: - jam | E22: 50 | F22: 10 | G22: 100 | H22: C | J22: 10 | L22: 1 | M22: G | O22: =MAX(J22,G22,F22,E22) -> 100 | P22: =VLOOKUP($O22,codetabel!$A$1:$B$12,2,FALSE) -> 3.2 | R22: =IF(ISNA(P22),"",P22) -> 3.2
A23: 1532, 1533 | B23: 1032, 1039 | C23: 2 | D23: - groente algemeen | E23: 50 | F23: 10 | G23: 100 | H23: C | J23: 10 | L23: 2 | M23: G | O23: =MAX(J23,G23,F23,E23) -> 100 | P23: =VLOOKUP($O23,codetabel!$A$1:$B$12,2,FALSE) -> 3.2 | R23: =IF(ISNA(P23),"",P23) -> 3.2
A24: 1532, 1533 | B24: 1032, 1039 | C24: 3 | D24: - met koolsoorten | E24: 100 | F24: 10 | G24: 100 | H24: C | J24: 10 | L24: 2 | M24: G | O24: =MAX(J24,G24,F24,E24) -> 100 | P24: =VLOOKUP($O24,codetabel!$A$1:$B$12,2,FALSE) -> 3.2 | R24: =IF(ISNA(P24),"",P24) -> 3.2
A25: 1532, 1533 | B25: 1032, 1039 | C25: 4 | D25: - met drogerijen | E25: 300 | F25: 10 | G25: 200 | H25: C | J25: 30 | L25: 2 | M25: G | O25: =MAX(J25,G25,F25,E25) -> 300 | P25: =VLOOKUP($O25,codetabel!$A$1:$B$12,2,FALSE) -> 4.2 | R25: =IF(ISNA(P25),"",P25) -> 4.2
A26: 1532, 1533 | B26: 1032, 1039 | C26: 5 | D26: - met uienconservering (zoutinleggerij) | E26: 300 | F26: 10 | G26: 100 | H26: C | J26: 10 | L26: 2 | M26: G | O26: =MAX(J26,G26,F26,E26) -> 300 | P26: =VLOOKUP($O26,codetabel!$A$1:$B$12,2,FALSE) -> 4.2 | R26: =IF(ISNA(P26),"",P26) -> 4.2
A27: 1541 | B27: 104101 | C27: 0 | D27: Vervaardiging van ruwe plantaardige en dierlijke oliën en vetten: | P27: =VLOOKUP($O27,codetabel!$A$1:$B$12,2,FALSE) -> #N/A | R27: =IF(ISNA(P27),"",P27)
A28: 1541 | B28: 104101 | C28: 1 | D28: - p.c. < 250.000 t/j | E28: 200 | F28: 30 | G28: 100 | H28: C | J28: 30 | K28: R | L28: 3 | M28: G | O28: =MAX(J28,G28,F28,E28) -> 200 | P28: =VLOOKUP($O28,codetabel!$A$1:$B$12,2,FALSE) -> 4.1 | R28: =IF(ISNA(P28),"",P28) -> 4.1
A29: 1541 | B29: 104101 | C29: 2 | D29: - p.c. >= 250.000 t/j | E29: 300 | F29: 50 | G29: 300 | H29: C | I29: Z | J29: 50 | K29: R | L29: 3 | M29: G | O29: =MAX(J29,G29,F29,E29) -> 300 | P29: =VLOOKUP($O29,codetabel!$A$1:$B$12,2,FALSE) -> 4.2 | R29: =IF(ISNA(P29),"",P29) -> 4.2
A30: 1542 | B30: 104102 | C30: 0 | D30: Raffinage van plantaardige en dierlijke oliën en vetten: | P30: =VLOOKUP($O30,codetabel!$A$1:$B$12,2,FALSE) -> #N/A | R30: =IF(ISNA(P30),"",P30)
A31: 1542 | B31: 104102 | C31: 1 | D31: - p.c. < 250.000 t/j | E31: 200 | F31: 10 | G31: 100 | H31: C | J31: 100 | K31: R | L31: 3 | M31: G | O31: =MAX(J31,G31,F31,E31) -> 200 | P31: =VLOOKUP($O31,codetabel!$A$1:$B$12,2,FALSE) -> 4.1 | R31: =IF(ISNA(P31),"",P31) -> 4.1
A32: 1542 | B32: 104102 | C32: 2 | D32: - p.c. >= 250.000 t/j | E32: 300 | F32: 10 | G32: 300 | H32: C | I32: Z | J32: 200 | K32: R | L32: 3 | M32: G | O32: =MAX(J32,G32,F32,E32) -> 300 | P32: =VLOOKUP($O32,codetabel!$A$1:$B$12,2,FALSE) -> 4.2 | R32: =IF(ISNA(P32),"",P32) -> 4.2
A33: 1543 | B33: 1042 | C33: 0 | D33: Margarinefabrieken: | P33: =VLOOKUP($O33,codetabel!$A$1:$B$12,2,FALSE) -> #N/A | R33: =IF(ISNA(P33),"",P33)
A34: 1543 | B34: 1042 | C34: 1 | D34: - p.c. < 250.000 t/j | E34: 100 | F34: 10 | G34: 200 | H34: C | J34: 30 | K34: R | L34: 3 | M34: G | O34: =MAX(J34,G34,F34,E34) -> 200 | P34: =VLOOKUP($O34,codetabel!$A$1:$B$12,2,FALSE) -> 4.1 | R34: =IF(ISNA(P34),"",P34) -> 4.1
A35: 1543 | B35: 1042 | C35: 2 | D35: - p.c. >= 250.000 t/j | E35: 200 | F35: 10 | G35: 300 | H35: C | I35: Z | J35: 50 | K35: R | L35: 3 | M35: G | O35: =MAX(J35,G35,F35,E35) -> 300 | P35: =VLOOKUP($O35,codetabel!$A$1:$B$12,2,FALSE) -> 4.2 | R35: =IF(ISNA(P35),"",P35) -> 4.2
A36: 1551 | B36: 1052 | C36: 0 | D36: Zuivelprodukten fabrieken: | P36: =VLOOKUP($O36,codetabel!$A$1:$B$12,2,FALSE) -> #N/A | R36: =IF(ISNA(P36),"",P36)
A37: 1551 | B37: 1051 | C37: 3 | D37: - melkprodukten fabrieken v.c. < 55.000 t/j | E37: 50 | F37: 0 | G37: 100 | H37: C | J37: 50 | K37: R | L37: 2 | M37: G | O37: =MAX(J37,G37,F37,E37) -> 100 | P37: =VLOOKUP($O37,codetabel!$A$1:$B$12,2,FALSE) -> 3.2 | R37: =IF(ISNA(P37),"",P37) -> 3.2
A38: 1551 | B38: 1051 | C38: 4 | D38: - melkprodukten fabrieken v.c. >= 55.000 t/j | E38: 100 | F38: 0 | G38: 300 | H38: C | I38: Z | J38: 50 | K38: R | L38: 3 | M38: G | O38: =MAX(J38,G38,F38,E38) -> 300 | P38: =VLOOKUP($O38,codetabel!$A$1:$B$12,2,FALSE) -> 4.2 | R38: =IF(ISNA(P38),"",P38) -> 4.2
A39: 1551 | B39: 1051 | C39: 5 | D39: - overige zuivelprodukten fabrieken | E39: 50 | F39: 50 | G39: 300 | H39: C | J39: 50 | K39: R | L39: 3 | M39: G | O39: =MAX(J39,G39,F39,E39) -> 300 | P39: =VLOOKUP($O39,codetabel!$A$1:$B$12,2,FALSE) -> 4.2 | R39: =IF(ISNA(P39),"",P39) -> 4.2
A40: 1552 | B40: 1052 | C40: 1 | D40: Consumptie-ijsfabrieken: p.o. > 200 m² | E40: 50 | F40: 0 | G40: 100 | H40: C | J40: 50 | K40: R | L40: 2 | M40: G | O40: =MAX(J40,G40,F40,E40) -> 100 | P40: =VLOOKUP($O40,codetabel!$A$1:$B$12,2,FALSE) -> 3.2 | R40: =IF(ISNA(P40),"",P40) -> 3.2
A41: 1552 | B41: 1052 | C41: 2 | D41: - consumptie-ijsfabrieken: p.o. <= 200 m² | E41: 10 | F41: 0 | G41: 30 | J41: 0 | L41: 1 | M41: G | O41: =MAX(J41,G41,F41,E41) -> 30 | P41: =VLOOKUP($O41,codetabel!$A$1:$B$12,2,FALSE) -> 2 | R41: =IF(ISNA(P41),"",P41) -> 2 | X41: X
A42: 1561 | B42: 1061 | C42: 0 | D42: Meelfabrieken: | P42: =VLOOKUP($O42,codetabel!$A$1:$B$12,2,FALSE) -> #N/A | R42: =IF(ISNA(P42),"",P42)
A43: 1561 | B43: 1061 | C43: 1 | D43: - p.c. >= 500 t/u | E43: 200 | F43: 100 | G43: 300 | H43: C | I43: Z | J43: 100 | K43: R | L43: 2 | M43: G | O43: =MAX(J43,G43,F43,E43) -> 300 | P43: =VLOOKUP($O43,codetabel!$A$1:$B$12,2,FALSE) -> 4.2 | R43: =IF(ISNA(P43),"",P43) -> 4.2
A44: 1561 | B44: 1061 | C44: 2 | D44: - p.c. < 500 t/u | E44: 100 | F44: 50 | G44: 200 | H44: C | J44: 50 | K44: R | L44: 2 | M44: G | O44: =MAX(J44,G44,F44,E44) -> 200 | P44: =VLOOKUP($O44,codetabel!$A$1:$B$12,2,FALSE) -> 4.1 | R44: =IF(ISNA(P44),"",P44) -> 4.1
A45: 1561 | B45: 1061 | D45: Grutterswarenfabrieken | E45: 50 | F45: 100 | G45: 200 | H45: C | J45: 50 | L45: 2 | M45: G | O45: =MAX(J45,G45,F45,E45) -> 200 | P45: =VLOOKUP($O45,codetabel!$A$1:$B$12,2,FALSE) -> 4.1 | Q45: D | R45: =IF(ISNA(P45),"",P45) -> 4.1
A46: 1562 | B46: 1062 | C46: 0 | D46: Zetmeelfabrieken: | P46: =VLOOKUP($O46,codetabel!$A$1:$B$12,2,FALSE) -> #N/A | R46: =IF(ISNA(P46),"",P46)
A47: 1562 | B47: 1062 | C47: 1 | D47: - p.c. < 10 t/u | E47: 200 | F47: 50 | G47: 200 | H47: C | J47: 30 | K47: R | L47: 1 | M47: G | O47: =MAX(J47,G47,F47,E47) -> 200 | P47: =VLOOKUP($O47,codetabel!$A$1:$B$12,2,FALSE) -> 4.1 | R47: =IF(ISNA(P47),"",P47) -> 4.1
A48: 1562 | B48: 1062 | C48: 2 | D48: - p.c. >= 10 t/u | E48: 300 | F48: 100 | G48: 300 | H48: C | I48: Z | J48: 50 | K48: R | L48: 2 | M48: G | O48: =MAX(J48,G48,F48,E48) -> 300 | P48: =VLOOKUP($O48,codetabel!$A$1:$B$12,2,FALSE) -> 4.2 | R48: =IF(ISNA(P48),"",P48) -> 4.2
A49: 1571 | B49: 1091 | C49: 0 | D49: Veevoerfabrieken: | P49: =VLOOKUP($O49,codetabel!$A$1:$B$12,2,FALSE) -> #N/A | R49: =IF(ISNA(P49),"",P49)
A50: 1571 | B50: 1091 | C50: 3 | D50: - drogerijen (gras, pulp, groenvoeder, veevoeder) cap. < 10 t/u water | E50: 300 | F50: 100 | G50: 200 | H50: C | J50: 30 | L50: 2 | M50: G | O50: =MAX(J50,G50,F50,E50) -> 300 | P50: =VLOOKUP($O50,codetabel!$A$1:$B$12,2,FALSE) -> 4.2 | R50: =IF(ISNA(P50),"",P50) -> 4.2
A51: 1571 | B51: 1091 | C51: 5 | D51: - mengvoeder, p.c. < 100 t/u | E51: 200 | F51: 50 | G51: 200 | H51: C | J51: 30 | L51: 3 | M51: G | O51: =MAX(J51,G51,F51,E51) -> 200 | P51: =VLOOKUP($O51,codetabel!$A$1:$B$12,2,FALSE) -> 4.1 | R51: =IF(ISNA(P51),"",P51) -> 4.1
A52: 1571 | B52: 1091 | C52: 6 | D52: - mengvoeder, p.c. >= 100 t/u | E52: 300 | F52: 100 | G52: 300 | H52: C | I52: Z | J52: 50 | K52: R | L52: 3 | M52: G | O52: =MAX(J52,G52,F52,E52) -> 300 | P52: =VLOOKUP($O52,codetabel!$A$1:$B$12,2,FALSE) -> 4.2 | R52: =IF(ISNA(P52),"",P52) -> 4.2
A53: 1572 | B53: 1092 | D53: Vervaardiging van voer voor huisdieren | E53: 200 | F53: 100 | G53: 200 | H53: C | J53: 30 | L53: 2 | M53: G | O53: =MAX(J53,G53,F53,E53) -> 200 | P53: =VLOOKUP($O53,codetabel!$A$1:$B$12,2,FALSE) -> 4.1 | R53: =IF(ISNA(P53),"",P53) -> 4.1
A54: 1581 | B54: 1071 | C54: 0 | D54: Broodfabrieken, brood- en banketbakkerijen: | P54: =VLOOKUP($O54,codetabel!$A$1:$B$12,2,FALSE) -> #N/A | R54: =IF(ISNA(P54),"",P54)
A55: 1581 | B55: 1071 | C55: 1 | D55: - v.c. < 7500 kg meel/week, bij gebruik van charge-ovens | E55: 30 | F55: 10 | G55: 30 | H55: C | J55: 10 | L55: 1 | M55: G | O55: =MAX(J55,G55,F55,E55) -> 30 | P55: =VLOOKUP($O55,codetabel!$A$1:$B$12,2,FALSE) -> 2 | R55: =IF(ISNA(P55),"",P55) -> 2
A56: 1581 | B56: 1071 | C56: 2 | D56: - v.c. >= 7500 kg meel/week | E56: 100 | F56: 30 | G56: 100 | H56: C | J56: 30 | L56: 2 | M56: G | O56: =MAX(J56,G56,F56,E56) -> 100 | P56: =VLOOKUP($O56,codetabel!$A$1:$B$12,2,FALSE) -> 3.2 | R56: =IF(ISNA(P56),"",P56) -> 3.2
A57: 1582 | B57: 1072 | D57: Banket, biscuit- en koekfabrieken | E57: 100 | F57: 10 | G57: 100 | H57: C | J57: 30 | L57: 2 | M57: G | O57: =MAX(J57,G57,F57,E57) -> 100 | P57: =VLOOKUP($O57,codetabel!$A$1:$B$12,2,FALSE) -> 3.2 | R57: =IF(ISNA(P57),"",P57) -> 3.2
A58: 1583 | B58: 1081 | C58: 0 | D58: Suikerfabrieken: | P58: =VLOOKUP($O58,codetabel!$A$1:$B$12,2,FALSE) -> #N/A | R58: =IF(ISNA(P58),"",P58)
A59: 1584 | B59: 10821 | C59: 0 | D59: Verwerking cacaobonen en vervaardiging chocolade- en suikerwerk: | P59: =VLOOKUP($O59,codetabel!$A$1:$B$12,2,FALSE) -> #N/A | R59: =IF(ISNA(P59),"",P59)
A60: 1584 | B60: 10821 | C60: 2 | D60: - cacao- en chocoladefabrieken vervaardigen van chocoladewerken met p.o. < 2.000 m² | E60: 100 | F60: 30 | G60: 50 | J60: 30 | L60: 2 | M60: G | O60: =MAX(J60,G60,F60,E60) -> 100 | P60: =VLOOKUP($O60,codetabel!$A$1:$B$12,2,FALSE) -> 3.2 | R60: =IF(ISNA(P60),"",P60) -> 3.2 | X60: X
A61: 1584 | B61: 10821 | C61: 4 | D61: - Suikerwerkfabrieken met suiker branden | E61: 300 | F61: 30 | G61: 50 | J61: 30 | K61: R | L61: 2 | M61: G | O61: =MAX(J61,G61,F61,E61) -> 300 | P61: =VLOOKUP($O61,codetabel!$A$1:$B$12,2,FALSE) -> 4.2 | R61: =IF(ISNA(P61),"",P61) -> 4.2
A62: 1584 | B62: 10821 | C62: 5 | D62: - Suikerwerkfabrieken zonder suiker branden: p.o. > 200 m² | E62: 100 | F62: 30 | G62: 50 | J62: 30 | K62: R | L62: 2 | M62: G | O62: =MAX(J62,G62,F62,E62) -> 100 | P62: =VLOOKUP($O62,codetabel!$A$1:$B$12,2,FALSE) -> 3.2 | R62: =IF(ISNA(P62),"",P62) -> 3.2
A63: 1585 | B63: 1073 | D63: Deegwarenfabrieken | E63: 50 | F63: 30 | G63: 10 | J63: 10 | L63: 2 | M63: G | O63: =MAX(J63,G63,F63,E63) -> 50 | P63: =VLOOKUP($O63,codetabel!$A$1:$B$12,2,FALSE) -> 3.1 | R63: =IF(ISNA(P63),"",P63) -> 3.1
A64: 1586 | B64: 1083 | C64: 0 | D64: Koffiebranderijen en theepakkerijen: | P64: =VLOOKUP($O64,codetabel!$A$1:$B$12,2,FALSE) -> #N/A | R64: =IF(ISNA(P64),"",P64)
A65: 1586 | B65: 1083 | C65: 2 | D65: - theepakkerijen | E65: 100 | F65: 10 | G65: 30 | J65: 10 | L65: 2 | M65: G | O65: =MAX(J65,G65,F65,E65) -> 100 | P65: =VLOOKUP($O65,codetabel!$A$1:$B$12,2,FALSE) -> 3.2 | R65: =IF(ISNA(P65),"",P65) -> 3.2
A66: 1587 | B66: 108401 | D66: Vervaardiging van azijn, specerijen en kruiden | E66: 200 | F66: 30 | G66: 50 | J66: 10 | L66: 2 | M66: G | O66: =MAX(J66,G66,F66,E66) -> 200 | P66: =VLOOKUP($O66,codetabel!$A$1:$B$12,2,FALSE) -> 4.1 | R66: =IF(ISNA(P66),"",P66) -> 4.1
A67: 1589 | B67: 1089 | D67: Vervaardiging van overige voedingsmiddelen | E67: 200 | F67: 30 | G67: 50 | J67: 30 | L67: 2 | M67: G | O67: =MAX(J67,G67,F67,E67) -> 200 | P67: =VLOOKUP($O67,codetabel!$A$1:$B$12,2,FALSE) -> 4.1 | Q67: D | R67: =IF(ISNA(P67),"",P67) -> 4.1
A68: 1589.1 | B68: 1089 | D68: Bakkerijgrondstoffenfabrieken | E68: 200 | F68: 50 | G68: 50 | J68: 50 | K68: R | L68: 2 | M68: G | O68: =MAX(J68,G68,F68,E68) -> 200 | P68: =VLOOKUP($O68,codetabel!$A$1:$B$12,2,FALSE) -> 4.1 | R68: =IF(ISNA(P68),"",P68) -> 4.1
A69: 1589.2 | B69: 1089 | C69: 0 | D69: Soep- en soeparomafabrieken: | P69: =VLOOKUP($O69,codetabel!$A$1:$B$12,2,FALSE) -> #N/A | R69: =IF(ISNA(P69),"",P69)
A70: 1589.2 | B70: 1089 | C70: 1 | D70: - zonder poederdrogen | E70: 100 | F70: 10 | G70: 50 | J70: 10 | L70: 2 | M70: G | O70: =MAX(J70,G70,F70,E70) -> 100 | P70: =VLOOKUP($O70,codetabel!$A$1:$B$12,2,FALSE) -> 3.2 | R70: =IF(ISNA(P70),"",P70) -> 3.2
A71: 1589.2 | B71: 1089 | C71: 2 | D71: - met poederdrogen | E71: 300 | F71: 50 | G71: 50 | J71: 50 | K71: R | L71: 2 | M71: G | O71: =MAX(J71,G71,F71,E71) -> 300 | P71: =VLOOKUP($O71,codetabel!$A$1:$B$12,2,FALSE) -> 4.2 | R71: =IF(ISNA(P71),"",P71) -> 4.2
A72: 1589.2 | B72: 1089 | D72: Bakmeel- en puddingpoederfabrieken | E72: 200 | F72: 50 | G72: 50 | J72: 30 | L72: 2 | M72: G | O72: =MAX(J72,G72,F72,E72) -> 200 | P72: =VLOOKUP($O72,codetabel!$A$1:$B$12,2,FALSE) -> 4.1 | R72: =IF(ISNA(P72),"",P72) -> 4.1
A73: 1591 | B73: 110101 | D73: Destilleerderijen en likeurstokerijen | E73: 300 | F73: 30 | G73: 200 | H73: C | J73: 30 | L73: 2 | M73: G | O73: =MAX(J73,G73,F73,E73) -> 300 | P73: =VLOOKUP($O73,codetabel!$A$1:$B$12,2,FALSE) -> 4.2 | R73: =IF(ISNA(P73),"",P73) -> 4.2
A74: 1592 | B74: 110102 | C74: 0 | D74: Vervaardiging van ethylalcohol door gisting: | P74: =VLOOKUP($O74,codetabel!$A$1:$B$12,2,FALSE) -> #N/A | R74: =IF(ISNA(P74),"",P74)
A75: 1592 | B75: 110102 | C75: 1 | D75: - p.c. < 5.000 t/j | E75: 200 | F75: 30 | G75: 200 | H75: C | J75: 30 | K75: R | L75: 1 | M75: G | O75: =MAX(J75,G75,F75,E75) -> 200 | P75: =VLOOKUP($O75,codetabel!$A$1:$B$12,2,FALSE) -> 4.1 | R75: =IF(ISNA(P75),"",P75) -> 4.1
A76: 1592 | B76: 110102 | C76: 2 | D76: - p.c. >= 5.000 t/j | E76: 300 | F76: 50 | G76: 300 | H76: C | J76: 50 | K76: R | L76: 2 | M76: G | O76: =MAX(J76,G76,F76,E76) -> 300 | P76: =VLOOKUP($O76,codetabel!$A$1:$B$12,2,FALSE) -> 4.2 | R76: =IF(ISNA(P76),"",P76) -> 4.2
A77: 1596 | B77: 1105 | D77: Bierbrouwerijen | E77: 300 | F77: 30 | G77: 100 | H77: C | J77: 50 | K77: R | L77: 2 | M77: G | O77: =MAX(J77,G77,F77,E77) -> 300 | P77: =VLOOKUP($O77,codetabel!$A$1:$B$12,2,FALSE) -> 4.2 | R77: =IF(ISNA(P77),"",P77) -> 4.2
A78: 1597 | B78: 1106 | D78: Mouterijen | E78: 300 | F78: 50 | G78: 100 | H78: C | J78: 30 | L78: 2 | M78: G | O78: =MAX(J78,G78,F78,E78) -> 300 | P78: =VLOOKUP($O78,codetabel!$A$1:$B$12,2,FALSE) -> 4.2 | R78: =IF(ISNA(P78),"",P78) -> 4.2
A79: 1598 | B79: 1107 | D79: Mineraalwater- en frisdrankfabrieken | E79: 10 | F79: 0 | G79: 100 | J79: 50 | K79: R | L79: 3 | M79: G | O79: =MAX(J79,G79,F79,E79) -> 100 | P79: =VLOOKUP($O79,codetabel!$A$1:$B$12,2,FALSE) -> 3.2 | R79: =IF(ISNA(P79),"",P79) -> 3.2
A80: 16 | B80: 12 | C80: -
A81: 16 | B81: 12 | C81: - | D81: VERWERKING VAN TABAK | P81: =VLOOKUP($O81,codetabel!$A$1:$B$12,2,FALSE) -> #N/A | R81: =IF(ISNA(P81),"",P81)
A82: 160 | B82: 120 | D82: Tabakverwerkende industrie | E82: 200 | F82: 30 | G82: 50 | H82: C | J82: 30 | L82: 2 | M82: G | O82: =MAX(J82,G82,F82,E82) -> 200 | P82: =VLOOKUP($O82,codetabel!$A$1:$B$12,2,FALSE) -> 4.1 | R82: =IF(ISNA(P82),"",P82) -> 4.1
A83: 17 | B83: 13 | C83: - | P83: =VLOOKUP($O83,codetabel!$A$1:$B$12,2,FALSE) -> #N/A | R83: =IF(ISNA(P83),"",P83)
A84: 17 | B84: 13 | C84: - | D84: VERVAARDIGING VAN TEXTIEL | P84: =VLOOKUP($O84,codetabel!$A$1:$B$12,2,FALSE) -> #N/A | R84: =IF(ISNA(P84),"",P84)
A85: 171 | B85: 131 | D85: Bewerken en spinnen van textielvezels | E85: 10 | F85: 50 | G85: 100 | J85: 30 | L85: 2 | M85: G | O85: =MAX(J85,G85,F85,E85) -> 100 | P85: =VLOOKUP($O85,codetabel!$A$1:$B$12,2,FALSE) -> 3.2 | R85: =IF(ISNA(P85),"",P85) -> 3.2
A86: 172 | B86: 132 | C86: 0 | D86: Weven van textiel: | P86: =VLOOKUP($O86,codetabel!$A$1:$B$12,2,FALSE) -> #N/A | R86: =IF(ISNA(P86),"",P86)
A87: 172 | B87: 132 | C87: 1 | D87: - aantal weefgetouwen < 50 | E87: 10 | F87: 10 | G87: 100 | J87: 0 | L87: 2 | M87: G | O87: =MAX(J87,G87,F87,E87) -> 100 | P87: =VLOOKUP($O87,codetabel!$A$1:$B$12,2,FALSE) -> 3.2 | R87: =IF(ISNA(P87),"",P87) -> 3.2
A88: 172 | B88: 132 | C88: 2 | D88: - aantal weefgetouwen >= 50 | E88: 10 | F88: 30 | G88: 300 | I88: Z | J88: 50 | L88: 3 | M88: G | O88: =MAX(J88,G88,F88,E88) -> 300 | P88: =VLOOKUP($O88,codetabel!$A$1:$B$12,2,FALSE) -> 4.2 | R88: =IF(ISNA(P88),"",P88) -> 4.2
A89: 173 | B89: 133 | D89: Textielveredelingsbedrijven | E89: 50 | F89: 0 | G89: 50 | J89: 10 | L89: 2 | M89: G | O89: =MAX(J89,G89,F89,E89) -> 50 | P89: =VLOOKUP($O89,codetabel!$A$1:$B$12,2,FALSE) -> 3.1 | R89: =IF(ISNA(P89),"",P89) -> 3.1
A90: 174, 175 | B90: 139 | D90: Vervaardiging van textielwaren | E90: 10 | F90: 0 | G90: 50 | J90: 10 | L90: 1 | M90: G | O90: =MAX(J90,G90,F90,E90) -> 50 | P90: =VLOOKUP($O90,codetabel!$A$1:$B$12,2,FALSE) -> 3.1 | R90: =IF(ISNA(P90),"",P90) -> 3.1
A91: 1751 | B91: 1393 | D91: Tapijt-, kokos- en vloermattenfabrieken | E91: 100 | F91: 30 | G91: 200 | J91: 10 | L91: 2 | M91: G | O91: =MAX(J91,G91,F91,E91) -> 200 | P91: =VLOOKUP($O91,codetabel!$A$1:$B$12,2,FALSE) -> 4.1 | R91: =IF(ISNA(P91),"",P91) -> 4.1
A92: 176, 177 | B92: 139, 143 | D92: Vervaardiging van gebreide en gehaakte stoffen en artikelen | E92: 0 | F92: 10 | G92: 50 | J92: 10 | L92: 1 | M92: G | O92: =MAX(J92,G92,F92,E92) -> 50 | P92: =VLOOKUP($O92,codetabel!$A$1:$B$12,2,FALSE) -> 3.1 | R92: =IF(ISNA(P92),"",P92) -> 3.1
A93: 18 | B93: 14 | C93: - | P93: =VLOOKUP($O93,codetabel!$A$1:$B$12,2,FALSE) -> #N/A | R93: =IF(ISNA(P93),"",P93)
A94: 18 | B94: 14 | C94: - | D94: VERVAARDIGING VAN KLEDING; BEREIDEN EN VERVEN VAN BONT | P94: =VLOOKUP($O94,codetabel!$A$1:$B$12,2,FALSE) -> #N/A | R94: =IF(ISNA(P94),"",P94)
A95: 181 | B95: 141 | D95: Vervaardiging kleding van leer | E95: 30 | F95: 0 | G95: 50 | J95: 0 | L95: 1 | M95: G | O95: =MAX(J95,G95,F95,E95) -> 50 | P95: =VLOOKUP($O95,codetabel!$A$1:$B$12,2,FALSE) -> 3.1 | R95: =IF(ISNA(P95),"",P95) -> 3.1
A96: 183 | B96: 142, 151 | D96: Bereiden en verven van bont; vervaardiging van artikelen van bont | E96: 50 | F96: 10 | G96: 10 | J96: 10 | L96: 1 | M96: G | O96: =MAX(J96,G96,F96,E96) -> 50 | P96: =VLOOKUP($O96,codetabel!$A$1:$B$12,2,FALSE) -> 3.1 | R96: =IF(ISNA(P96),"",P96) -> 3.1
A97: 19 | B97: 15 | C97: - | P97: =VLOOKUP($O97,codetabel!$A$1:$B$12,2,FALSE) -> #N/A | R97: =IF(ISNA(P97),"",P97)
A98: 19 | B98: 15 | C98: - | D98: VERVAARDIGING VAN LEER EN LEDERWAREN (EXCL. KLEDING) | P98: =VLOOKUP($O98,codetabel!$A$1:$B$12,2,FALSE) -> #N/A | R98: =IF(ISNA(P98),"",P98)
A99: 191 | B99: 151, 152 | D99: Lederfabrieken | E99: 300 | F99: 30 | G99: 100 | J99: 10 | L99: 2 | M99: G | O99: =MAX(J99,G99,F99,E99) -> 300 | P99: =VLOOKUP($O99,codetabel!$A$1:$B$12,2,FALSE) -> 4.2 | R99: =IF(ISNA(P99),"",P99) -> 4.2
A100: 192 | B100: 151 | D100: Lederwarenfabrieken (excl. kleding en schoeisel) | E100: 50 | F100: 10 | G100: 30 | J100: 10 | L100: 2 | M100: G | O100: =MAX(J100,G100,F100,E100) -> 50 | P100: =VLOOKUP($O100,codetabel!$A$1:$B$12,2,FALSE) -> 3.1 | Q100: D | R100: =IF(ISNA(P100),"",P100) -> 3.1
...

Sheet codetabel
A1: afstabnd | B1: code
A3: 10 | B3: 1
A4: 30 | B4: 2
A5: 50 | B5: 3.1
A6: 100 | B6: 3.2
A7: 200 | B7: 4.1
A8: 300 | B8: 4.2
A9: 500 | B9: 5.1
A10: 700 | B10: 5.2
A11: 1000 | B11: 5.3
A12: 1500 | B12: 6
