Workbook

Sheet README
A1: Odour distance (geur) vs. environmental category - analysis workbook
A2: Generated by analysis/build_analysis.py; method in analysis/METHODOLOGY.md, results in analysis/FINDINGS.md.
A3: Source files in doc/ are read only; their SHA-256 hashes are listed on 'Statistics' and are checked before and after the build.
A5: Sheets
A6: Statistics - correlation coefficients (formula and Python, cross-checked) and source verification summary.
A7: Figure - correlation diagrams, also in analysis/figures/: count heatmaps (geur on x, then axes reversed) and bubble diagrams with regression line (geur on x, then axes reversed).
A8: Regression - slope, intercept and R2 of the regression lines in the bubble diagrams (formula and Python, cross-checked).
A9: Data_B1, Data_B2, Data_B1_union_B2 - FINAL datasets: values only, one row per activity with a numeric geur distance and a category. Columns N-R are rank formulas used by 'Statistics'; S-T are step indices used by 'Regression'.
A10: B1_extract, B2_extract - INTERMEDIATE: every non-empty source row with raw values, the original formula/content of O and R, the cached (displayed) values, and recalculation checks.
A11: Codetabel - distance-to-category lookup with ordinal ranks.
A12: Crosstab_B1, Crosstab_B2 - frequency tables (COUNTIFS) behind the figure.
A14: Colour conventions
... A21: Bijlage 1 rows 763-837 are, according to the owner of the file, a targeted cut-and-paste of columns E and R from an updated version of bijlage 1 that was published on the VNG website for the former guideline and can no longer be found. They carry only a geur value and a hardcoded category, without activity description or other distances, cannot be linked to an activity and are therefore excluded. Rows with numeric geur and category: n = 47, Spearman rho = 0.334 (p = 0.022). Bijlage 1 including these rows: n = 606, Spearman rho = 0.610.

Sheet Statistics
A1: Rank correlation between geur distance and environmental category
A2: Black = live formula on the dataset sheets (re-computes in Excel/LibreOffice). Blue = value computed by build_analysis.py (scipy 'spearmanr', 'kendalltau' variant b, 'pearsonr'; 2000-sample percentile bootstrap, seed 1).
A4: # | B4: Analysis | C4: Dataset sheet | D4: n (formula) | E4: Spearman rho (formula) | F4: Spearman rho (Python) | G4: Check | H4: Spearman 95% CI (bootstrap) | I4: p (Spearman) | J4: Kendall tau-b (Python) | K4: p (Kendall) | L4: Pearson r geur m vs rank (formula) | M4: Pearson r (Python) | N4: p (Pearson) | O4: Spearman rho from max() construction alone (permutation mean, 95% range)
A5: 1 | B5: Bijlage 1: geur vs category (all activities) | C5: Data_B1 | D5: =COUNT(Data_B1!N2:N560) -> 559 | E5: =CORREL(Data_B1!N2:N560,Data_B1!O2:O560) -> 0.6176542 | F5: 0.617654 | G5: =IF(ABS(E5-F5)<0.0001,"OK","MISMATCH") -> OK | H5: 0.553 to 0.675 | I5: 4.22e-60 | J5: 0.51714 | K5: 1.53e-58 | L5: =CORREL(Data_B1!F2:F560,Data_B1!H2:H560) -> 0.51068639 | M5: 0.510686 | N5: 1.86e-38 | O5: 0.393 (0.334 to 0.447)
A6: 2 | B6: Bijlage 1: geur vs category, only activities where geur is NOT decisive | C6: Data_B1 | D6: =COUNT(Data_B1!P2:P560) -> 379 | E6: =CORREL(Data_B1!P2:P560,Data_B1!Q2:Q560) -> 0.63975209 | F6: 0.639752 | G6: =IF(ABS(E6-F6)<0.0001,"OK","MISMATCH") -> OK | H6: 0.572 to 0.707 | I6: 5.14e-45 | J6: 0.536668 | K6: 2.88e-41 | L6: n/a (subset) | M6: 0.51 | N6: 1.74e-26 | O6: n/a
A7: 3 | B7: Bijlage 1: geur vs category based on stof/geluid/gevaar only (geur removed) | C7: Data_B1 | D7: =COUNT(Data_B1!N2:N560) -> 559 | E7: =CORREL(Data_B1!N2:N560,Data_B1!R2:R560) -> 0.47371633 | F7: 0.473716 | G7: =IF(ABS(E7-F7)<0.0001,"OK","MISMATCH") -> OK | H7: 0.404 to 0.540 | I7: 1.3e-32 | J7: 0.373187 | K7: 4.1e-31 | L7: =CORREL(Data_B1!F2:F560,Data_B1!L2:L560) -> 0.36283393 | M7: 0.362834 | N7: 7.78e-19 | O7: n/a
A8: 4 | B8: Bijlage 2: geur vs category (all activities) | C8: Data_B2 | D8: =COUNT(Data_B2!N2:N316) -> 315 | E8: =CORREL(Data_B2!N2:N316,Data_B2!O2:O316) -> 0.61000399 | F8: 0.610004 | G8: =IF(ABS(E8-F8)<0.0001,"OK","MISMATCH") -> OK | H8: 0.521 to 0.692 | I8: 1.72e-33 | J8: 0.528913 | K8: 4.1e-33 | L8: =CORREL(Data_B2!F2:F316,Data_B2!H2:H316) -> 0.59744957 | M8: 0.59745 | N8: 7.34e-32 | O8: 0.459 (0.391 to 0.528)
A9: 5 | B9: Bijlage 2: geur vs category, only activities where geur is NOT decisive | C9: Data_B2 | D9: =COUNT(Data_B2!P2:P316) -> 198 | E9: =CORREL(Data_B2!P2:P316,Data_B2!Q2:Q316) -> 0.56115997 | F9: 0.56116 | G9: =IF(ABS(E9-F9)<0.0001,"OK","MISMATCH") -> OK | H9: 0.440 to 0.665 | I9: 8.04e-18 | J9: 0.487131 | K9: 1.31e-17 | L9: n/a (subset) | M9: 0.461801 | N9: 7.49e-12 | O9: n/a
A10: 6 | B10: Bijlage 2: geur vs category based on stof/geluid/gevaar only (geur removed) | C10: Data_B2 | D10: =COUNT(Data_B2!N2:N316) -> 315 | E10: =CORREL(Data_B2!N2:N316,Data_B2!R2:R316) -> 0.38532041 | F10: 0.38532 | G10: =IF(ABS(E10-F10)<0.0001,"OK","MISMATCH") -> OK | H10: 0.287 to 0.484 | I10: 1.37e-12 | J10: 0.310735 | K10: 1.73e-12 | L10: =CORREL(Data_B2!F2:F316,Data_B2!L2:L316) -> 0.45384047 | M10: 0.45384 | N10: 2.07e-17 | O10: n/a
A11: 7 | B11: Union B1 + B2 (duplicates removed): geur vs category | C11: Data_B1_union_B2 | D11: =COUNT(Data_B1_union_B2!N2:N563) -> 562 | E11: =CORREL(Data_B1_union_B2!N2:N563,Data_B1_union_B2!O2:O563) -> 0.61756168 | F11: 0.617562 | G11: =IF(ABS(E11-F11)<0.0001,"OK","MISMATCH") -> OK | H11: 0.556 to 0.675 | I11: 2.16e-60 | J11: 0.51727 | K11: 7.53e-59 | L11: =CORREL(Data_B1_union_B2!F2:F563,Data_B1_union_B2!H2:H563) -> 0.5110654 | M11: 0.511065 | N11: 1.02e-38 | O11: 0.394 (0.331 to 0.451)
A13: Verification of source values
A14: Source | B14: Rows extracted | C14: Rows included | D14: O cached = recalculated (formula) | E14: R cached = recalculated (formula) | F14: R hardcoded (not formula) among included | G14: Geur decisive among included | H14: SHA-256 source file (unchanged)
A15: B1 | B15: =COUNTA(B1_extract!A2:A825) -> 824 | C15: =COUNTIF(B1_extract!X2:X825,TRUE()) -> 559 | D15: =COUNTIFS(B1_extract!X2:X825,TRUE(),B1_extract!U2:U825,"OK")&" of "&C15 -> 559 of 559 | E15: =COUNTIFS(B1_extract!X2:X825,TRUE(),B1_extract!V2:V825,"OK")&" of "&C15 -> 559 of 559 | F15: =COUNTIFS(B1_extract!X2:X825,TRUE(),B1_extract!N2:N825,FALSE()) -> 15 | G15: =COUNTIF(B1_extract!Z2:Z825,TRUE()) -> 180 | H15: f1e7f50be69da4b1f18f5afe682ab090e96817f9c82fec1d989237359ef0e16d
A16: B2 | B16: =COUNTA(B2_extract!A2:A468) -> 467 | C16: =COUNTIF(B2_extract!X2:X468,TRUE()) -> 315 | D16: =COUNTIFS(B2_extract!X2:X468,TRUE(),B2_extract!U2:U468,"OK")&" of "&C16 -> 315 of 315 | E16: =COUNTIFS(B2_extract!X2:X468,TRUE(),B2_extract!V2:V468,"OK")&" of "&C16 -> 315 of 315 | F16: =COUNTIFS(B2_extract!X2:X468,TRUE(),B2_extract!N2:N468,FALSE()) -> 7 | G16: =COUNTIF(B2_extract!Z2:Z468,TRUE()) -> 117 | H16: e5be457a851190acf6f678d492c0ad2fa92dc298c18b001930bce9ff16e2ee48

Sheet Figure

Sheet Regression
A1: Regression lines in the bubble diagrams (OLS on step positions)
A2: x and y are step positions, not metres: geur 0, 10, 30, ... 1500 m = steps 0-10; category 1 ... 6 = steps 0-9 (columns S and T on the dataset sheets). Black = live formula (SLOPE/INTERCEPT/RSQ); blue = scipy.stats.linregress.
A4: Dataset | B4: x | C4: y | D4: n | E4: Slope (formula) | F4: Intercept (formula) | G4: R² (formula) | H4: Slope (Python) | I4: Intercept (Python) | J4: R² (Python) | K4: SE slope (Python) | L4: p slope (Python) | M4: Check
A5: B1 | B5: geur step | C5: category step | D5: =COUNT(Data_B1!S2:S560) -> 559 | E5: =SLOPE(Data_B1!T2:T560,Data_B1!S2:S560) -> 0.604857 | F5: =INTERCEPT(Data_B1!T2:T560,Data_B1!S2:S560) -> 1.8182053 | G5: =RSQ(Data_B1!T2:T560,Data_B1!S2:S560) -> 0.35509145 | H5: 0.604857 | I5: 1.818205 | J5: 0.355091 | K5: 0.034539 | L5: 4.98e-55 | M5: =IF(AND(ABS(E5-H5)<0.0001,ABS(F5-I5)<0.0001),"OK","MISMATCH") -> OK
A6: B1 | B6: category step | C6: geur step | D6: =COUNT(Data_B1!T2:T560) -> 559 | E6: =SLOPE(Data_B1!S2:S560,Data_B1!T2:T560) -> 0.58706677 | F6: =INTERCEPT(Data_B1!S2:S560,Data_B1!T2:T560) -> 0.60081707 | G6: =RSQ(Data_B1!S2:S560,Data_B1!T2:T560) -> 0.35509145 | H6: 0.587067 | I6: 0.600817 | J6: 0.355091 | K6: 0.033523 | L6: 4.98e-55 | M6: =IF(AND(ABS(E6-H6)<0.0001,ABS(F6-I6)<0.0001),"OK","MISMATCH") -> OK
A7: B2 | B7: geur step | C7: category step | D7: =COUNT(Data_B2!S2:S316) -> 315 | E7: =SLOPE(Data_B2!T2:T316,Data_B2!S2:S316) -> 0.47047348 | F7: =INTERCEPT(Data_B2!T2:T316,Data_B2!S2:S316) -> 1.9814681 | G7: =RSQ(Data_B2!T2:T316,Data_B2!S2:S316) -> 0.36841179 | H7: 0.470473 | I7: 1.981468 | J7: 0.368412 | K7: 0.034819 | L7: 4.33e-33 | M7: =IF(AND(ABS(E7-H7)<0.0001,ABS(F7-I7)<0.0001),"OK","MISMATCH") -> OK
A8: B2 | B8: category step | C8: geur step | D8: =COUNT(Data_B2!T2:T316) -> 315 | E8: =SLOPE(Data_B2!S2:S316,Data_B2!T2:T316) -> 0.78306602 | F8: =INTERCEPT(Data_B2!S2:S316,Data_B2!T2:T316) -> 0.25893253 | G8: =RSQ(Data_B2!S2:S316,Data_B2!T2:T316) -> 0.36841179 | H8: 0.783066 | I8: 0.258933 | J8: 0.368412 | K8: 0.057953 | L8: 4.33e-33 | M8: =IF(AND(ABS(E8-H8)<0.0001,ABS(F8-I8)<0.0001),"OK","MISMATCH") -> OK

Sheet Data_B1
A1: Source | B1: Source row | C1: SBI (old) | D1: SBI-2008 | E1: Omschrijving | F1: Geur (m) | G1: Categorie | H1: Category rank | I1: Max distance (m) | J1: Geur decisive | K1: Max other distances (m) | L1: Category rank excl. geur | M1: In both B1 and B2 | N1: Midrank geur | O1: Midrank category | P1: Midrank geur (not decisive) | Q1: Midrank category (not decisive) | R1: Midrank category excl. geur | S1: Geur step index (0-10) | T1: Category step index (0-9)
A2: B1 | B2: 4 | C2: 0111, 0113 | D2: 011, 012, 013 | E2: Akkerbouw en fruitteelt (bedrijfsgebouwen) | F2: 10 | G2: 2 | H2: 2 | I2: 30 | J2: =FALSE() -> FALSE | K2: 30 | L2: 2 | M2: =FALSE() -> FALSE | N2: =COUNTIF($F$2:$F$560,"<"&F2)+(COUNTIF($F$2:$F$560,F2)+1)/2 -> 164 | O2: =COUNTIF($H$2:$H$560,"<"&H2)+(COUNTIF($H$2:$H$560,H2)+1)/2 -> 89 | P2: =IF(J2=FALSE(),COUNTIFS($J$2:$J$560,FALSE(),$F$2:$F$560,"<"&F2)+(COUNTIFS($J$2:$J$560,FALSE(),$F$2:$F$560,F2)+1)/2,"") -> 161.5 | Q2: =IF(J2=FALSE(),COUNTIFS($J$2:$J$560,FALSE(),$H$2:$H$560,"<"&H2)+(COUNTIFS($J$2:$J$560,FALSE(),$H$2:$H$560,H2)+1)/2,"") -> 71.5 | R2: =COUNTIF($L$2:$L$560,"<"&L2)+(COUNTIF($L$2:$L$560,L2)+1)/2 -> 101.5 | S2: =MATCH(F2,Codetabel!$G$2:$G$12,0)-1 -> 1 | T2: =H2-1 -> 1
A3: B1 | B3: 6 | C3: 0112 | D3: 011, 012, 013 | E3: - bedrijfsgebouwen | F3: 10 | G3: 2 | H3: 2 | I3: 30 | J3: =FALSE() -> FALSE | K3: 30 | L3: 2 | M3: =FALSE() -> FALSE | N3: =COUNTIF($F$2:$F$560,"<"&F3)+(COUNTIF($F$2:$F$560,F3)+1)/2 -> 164 | O3: =COUNTIF($H$2:$H$560,"<"&H3)+(COUNTIF($H$2:$H$560,H3)+1)/2 -> 89 | P3: =IF(J3=FALSE(),COUNTIFS($J$2:$J$560,FALSE(),$F$2:$F$560,"<"&F3)+(COUNTIFS($J$2:$J$560,FALSE(),$F$2:$F$560,F3)+1)/2,"") -> 161.5 | Q3: =IF(J3=FALSE(),COUNTIFS($J$2:$J$560,FALSE(),$H$2:$H$560,"<"&H3)+(COUNTIFS($J$2:$J$560,FALSE(),$H$2:$H$560,H3)+1)/2,"") -> 71.5 | R3: =COUNTIF($L$2:$L$560,"<"&L3)+(COUNTIF($L$2:$L$560,L3)+1)/2 -> 101.5 | S3: =MATCH(F3,Codetabel!$G$2:$G$12,0)-1 -> 1 | T3: =H3-1 -> 1
A4: B1 | B4: 7 | C4: 0112 | D4: 011, 012, 013 | E4: - kassen zonder verwarming | F4: 10 | G4: 2 | H4: 2 | I4: 30 | J4: =FALSE() -> FALSE | K4: 30 | L4: 2 | M4: =FALSE() -> FALSE | N4: =COUNTIF($F$2:$F$560,"<"&F4)+(COUNTIF($F$2:$F$560,F4)+1)/2 -> 164 | O4: =COUNTIF($H$2:$H$560,"<"&H4)+(COUNTIF($H$2:$H$560,H4)+1)/2 -> 89 | P4: =IF(J4=FALSE(),COUNTIFS($J$2:$J$560,FALSE(),$F$2:$F$560,"<"&F4)+(COUNTIFS($J$2:$J$560,FALSE(),$F$2:$F$560,F4)+1)/2,"") -> 161.5 | Q4: =IF(J4=FALSE(),COUNTIFS($J$2:$J$560,FALSE(),$H$2:$H$560,"<"&H4)+(COUNTIFS($J$2:$J$560,FALSE(),$H$2:$H$560,H4)+1)/2,"") -> 71.5 | R4: =COUNTIF($L$2:$L$560,"<"&L4)+(COUNTIF($L$2:$L$560,L4)+1)/2 -> 101.5 | S4: =MATCH(F4,Codetabel!$G$2:$G$12,0)-1 -> 1 | T4: =H4-1 -> 1
A5: B1 | B5: 8 | C5: 0112 | D5: 011, 012, 013 | E5: - kassen met gasverwarming | F5: 10 | G5: 2 | H5: 2 | I5: 30 | J5: =FALSE() -> FALSE | K5: 30 | L5: 2 | M5: =FALSE() -> FALSE | N5: =COUNTIF($F$2:$F$560,"<"&F5)+(COUNTIF($F$2:$F$560,F5)+1)/2 -> 164 | O5: =COUNTIF($H$2:$H$560,"<"&H5)+(COUNTIF($H$2:$H$560,H5)+1)/2 -> 89 | P5: =IF(J5=FALSE(),COUNTIFS($J$2:$J$560,FALSE(),$F$2:$F$560,"<"&F5)+(COUNTIFS($J$2:$J$560,FALSE(),$F$2:$F$560,F5)+1)/2,"") -> 161.5 | Q5: =IF(J5=FALSE(),COUNTIFS($J$2:$J$560,FALSE(),$H$2:$H$560,"<"&H5)+(COUNTIFS($J$2:$J$560,FALSE(),$H$2:$H$560,H5)+1)/2,"") -> 71.5 | R5: =COUNTIF($L$2:$L$560,"<"&L5)+(COUNTIF($L$2:$L$560,L5)+1)/2 -> 101.5 | S5: =MATCH(F5,Codetabel!$G$2:$G$12,0)-1 -> 1 | T5: =H5-1 -> 1
A6: B1 | B6: 9 | C6: 0112 | D6: 0113 | E6: - champignonkwekerijen (algemeen) | F6: 30 | G6: 2 | H6: 2 | I6: 30 | J6: =TRUE() -> TRUE | K6: 30 | L6: 2 | M6: =FALSE() -> FALSE | N6: =COUNTIF($F$2:$F$560,"<"&F6)+(COUNTIF($F$2:$F$560,F6)+1)/2 -> 257.5 | O6: =COUNTIF($H$2:$H$560,"<"&H6)+(COUNTIF($H$2:$H$560,H6)+1)/2 -> 89 | P6: =IF(J6=FALSE(),COUNTIFS($J$2:$J$560,FALSE(),$F$2:$F$560,"<"&F6)+(COUNTIFS($J$2:$J$560,FALSE(),$F$2:$F$560,F6)+1)/2,"") | Q6: =IF(J6=FALSE(),COUNTIFS($J$2:$J$560,FALSE(),$H$2:$H$560,"<"&H6)+(COUNTIFS($J$2:$J$560,FALSE(),$H$2:$H$560,H6)+1)/2,"") | R6: =COUNTIF($L$2:$L$560,"<"&L6)+(COUNTIF($L$2:$L$560,L6)+1)/2 -> 101.5 | S6: =MATCH(F6,Codetabel!$G$2:$G$12,0)-1 -> 2 | T6: =H6-1 -> 1
A7: B1 | B7: 10 | C7: 0112 | D7: 0113 | E7: - champignonkwekerijen met mestfermentatie | F7: 100 | G7: 3.2 | H7: 4 | I7: 100 | J7: =TRUE() -> TRUE | K7: 30 | L7: 2 | M7: =FALSE() -> FALSE | N7: =COUNTIF($F$2:$F$560,"<"&F7)+(COUNTIF($F$2:$F$560,F7)+1)/2 -> 415.5 | O7: =COUNTIF($H$2:$H$560,"<"&H7)+(COUNTIF($H$2:$H$560,H7)+1)/2 -> 266.5 | P7: =IF(J7=FALSE(),COUNTIFS($J$2:$J$560,FALSE(),$F$2:$F$560,"<"&F7)+(COUNTIFS($J$2:$J$560,FALSE(),$F$2:$F$560,F7)+1)/2,"") | Q7: =IF(J7=FALSE(),COUNTIFS($J$2:$J$560,FALSE(),$H$2:$H$560,"<"&H7)+(COUNTIFS($J$2:$J$560,FALSE(),$H$2:$H$560,H7)+1)/2,"") | R7: =COUNTIF($L$2:$L$560,"<"&L7)+(COUNTIF($L$2:$L$560,L7)+1)/2 -> 101.5 | S7: =MATCH(F7,Codetabel!$G$2:$G$12,0)-1 -> 4 | T7: =H7-1 -> 3
A8: B1 | B8: 11 | C8: 0112 | D8: 0163 | E8: - bloembollendroog- en prepareerbedrijven | F8: 30 | G8: 2 | H8: 2 | I8: 30 | J8: =TRUE() -> TRUE | K8: 30 | L8: 2 | M8: =FALSE() -> FALSE | N8: =COUNTIF($F$2:$F$560,"<"&F8)+(COUNTIF($F$2:$F$560,F8)+1)/2 -> 257.5 | O8: =COUNTIF($H$2:$H$560,"<"&H8)+(COUNTIF($H$2:$H$560,H8)+1)/2 -> 89 | P8: =IF(J8=FALSE(),COUNTIFS($J$2:$J$560,FALSE(),$F$2:$F$560,"<"&F8)+(COUNTIFS($J$2:$J$560,FALSE(),$F$2:$F$560,F8)+1)/2,"") | Q8: =IF(J8=FALSE(),COUNTIFS($J$2:$J$560,FALSE(),$H$2:$H$560,"<"&H8)+(COUNTIFS($J$2:$J$560,FALSE(),$H$2:$H$560,H8)+1)/2,"") | R8: =COUNTIF($L$2:$L$560,"<"&L8)+(COUNTIF($L$2:$L$560,L8)+1)/2 -> 101.5 | S8: =MATCH(F8,Codetabel!$G$2:$G$12,0)-1 -> 2 | T8: =H8-1 -> 1
A9: B1 | B9: 12 | C9: 0112 | D9: 011 | E9: - witlofkwekerijen (algemeen) | F9: 30 | G9: 2 | H9: 2 | I9: 30 | J9: =TRUE() -> TRUE | K9: 30 | L9: 2 | M9: =FALSE() -> FALSE | N9: =COUNTIF($F$2:$F$560,"<"&F9)+(COUNTIF($F$2:$F$560,F9)+1)/2 -> 257.5 | O9: =COUNTIF($H$2:$H$560,"<"&H9)+(COUNTIF($H$2:$H$560,H9)+1)/2 -> 89 | P9: =IF(J9=FALSE(),COUNTIFS($J$2:$J$560,FALSE(),$F$2:$F$560,"<"&F9)+(COUNTIFS($J$2:$J$560,FALSE(),$F$2:$F$560,F9)+1)/2,"") | Q9: =IF(J9=FALSE(),COUNTIFS($J$2:$J$560,FALSE(),$H$2:$H$560,"<"&H9)+(COUNTIFS($J$2:$J$560,FALSE(),$H$2:$H$560,H9)+1)/2,"") | R9: =COUNTIF($L$2:$L$560,"<"&L9)+(COUNTIF($L$2:$L$560,L9)+1)/2 -> 101.5 | S9: =MATCH(F9,Codetabel!$G$2:$G$12,0)-1 -> 2 | T9: =H9-1 -> 1
A10: B1 | B10: 13 | C10: 0121 | D10: 0141, 0142 | E10: Fokken en houden van rundvee | F10: 100 | G10: 3.2 | H10: 4 | I10: 100 | J10: =TRUE() -> TRUE | K10: 30 | L10: 2 | M10: =FALSE() -> FALSE | N10: =COUNTIF($F$2:$F$560,"<"&F10)+(COUNTIF($F$2:$F$560,F10)+1)/2 -> 415.5 | O10: =COUNTIF($H$2:$H$560,"<"&H10)+(COUNTIF($H$2:$H$560,H10)+1)/2 -> 266.5 | P10: =IF(J10=FALSE(),COUNTIFS($J$2:$J$560,FALSE(),$F$2:$F$560,"<"&F10)+(COUNTIFS($J$2:$J$560,FALSE(),$F$2:$F$560,F10)+1)/2,"") | Q10: =IF(J10=FALSE(),COUNTIFS($J$2:$J$560,FALSE(),$H$2:$H$560,"<"&H10)+(COUNTIFS($J$2:$J$560,FALSE(),$H$2:$H$560,H10)+1)/2,"") | R10: =COUNTIF($L$2:$L$560,"<"&L10)+(COUNTIF($L$2:$L$560,L10)+1)/2 -> 101.5 | S10: =MATCH(F10,Codetabel!$G$2:$G$12,0)-1 -> 4 | T10: =H10-1 -> 3
A11: B1 | B11: 15 | C11: 0122 | D11: 0143 | E11: - paardenfokkerijen | F11: 50 | G11: 3.1 | H11: 3 | I11: 50 | J11: =TRUE() -> TRUE | K11: 30 | L11: 2 | M11: =FALSE() -> FALSE | N11: =COUNTIF($F$2:$F$560,"<"&F11)+(COUNTIF($F$2:$F$560,F11)+1)/2 -> 343.5 | O11: =COUNTIF($H$2:$H$560,"<"&H11)+(COUNTIF($H$2:$H$560,H11)+1)/2 -> 175.5 | P11: =IF(J11=FALSE(),COUNTIFS($J$2:$J$560,FALSE(),$F$2:$F$560,"<"&F11)+(COUNTIFS($J$2:$J$560,FALSE(),$F$2:$F$560,F11)+1)/2,"") | Q11: =IF(J11=FALSE(),COUNTIFS($J$2:$J$560,FALSE(),$H$2:$H$560,"<"&H11)+(COUNTIFS($J$2:$J$560,FALSE(),$H$2:$H$560,H11)+1)/2,"") | R11: =COUNTIF($L$2:$L$560,"<"&L11)+(COUNTIF($L$2:$L$560,L11)+1)/2 -> 101.5 | S11: =MATCH(F11,Codetabel!$G$2:$G$12,0)-1 -> 3 | T11: =H11-1 -> 2
A12: B1 | B12: 16 | C12: 0122 | D12: 0145 | E12: - overige graasdieren | F12: 50 | G12: 3.1 | H12: 3 | I12: 50 | J12: =TRUE() -> TRUE | K12: 30 | L12: 2 | M12: =FALSE() -> FALSE | N12: =COUNTIF($F$2:$F$560,"<"&F12)+(COUNTIF($F$2:$F$560,F12)+1)/2 -> 343.5 | O12: =COUNTIF($H$2:$H$560,"<"&H12)+(COUNTIF($H$2:$H$560,H12)+1)/2 -> 175.5 | P12: =IF(J12=FALSE(),COUNTIFS($J$2:$J$560,FALSE(),$F$2:$F$560,"<"&F12)+(COUNTIFS($J$2:$J$560,FALSE(),$F$2:$F$560,F12)+1)/2,"") | Q12: =IF(J12=FALSE(),COUNTIFS($J$2:$J$560,FALSE(),$H$2:$H$560,"<"&H12)+(COUNTIFS($J$2:$J$560,FALSE(),$H$2:$H$560,H12)+1)/2,"") | R12: =COUNTIF($L$2:$L$560,"<"&L12)+(COUNTIF($L$2:$L$560,L12)+1)/2 -> 101.5 | S12: =MATCH(F12,Codetabel!$G$2:$G$12,0)-1 -> 3 | T12: =H12-1 -> 2
A13: B1 | B13: 17 | C13: 0123 | D13: 0146 | E13: Fokken en houden van varkens | F13: 200 | G13: 4.1 | H13: 5 | I13: 200 | J13: =TRUE() -> TRUE | K13: 50 | L13: 3 | M13: =FALSE() -> FALSE | N13: =COUNTIF($F$2:$F$560,"<"&F13)+(COUNTIF($F$2:$F$560,F13)+1)/2 -> 471.5 | O13: =COUNTIF($H$2:$H$560,"<"&H13)+(COUNTIF($H$2:$H$560,H13)+1)/2 -> 348.5 | P13: =IF(J13=FALSE(),COUNTIFS($J$2:$J$560,FALSE(),$F$2:$F$560,"<"&F13)+(COUNTIFS($J$2:$J$560,FALSE(),$F$2:$F$560,F13)+1)/2,"") | Q13: =IF(J13=FALSE(),COUNTIFS($J$2:$J$560,FALSE(),$H$2:$H$560,"<"&H13)+(COUNTIFS($J$2:$J$560,FALSE(),$H$2:$H$560,H13)+1)/2,"") | R13: =COUNTIF($L$2:$L$560,"<"&L13)+(COUNTIF($L$2:$L$560,L13)+1)/2 -> 204 | S13: =MATCH(F13,Codetabel!$G$2:$G$12,0)-1 -> 5 | T13: =H13-1 -> 4
A14: B1 | B14: 19 | C14: 0124 | D14: 0147 | E14: - legkippen | F14: 200 | G14: 4.1 | H14: 5 | I14: 200 | J14: =TRUE() -> TRUE | K14: 50 | L14: 3 | M14: =FALSE() -> FALSE | N14: =COUNTIF($F$2:$F$560,"<"&F14)+(COUNTIF($F$2:$F$560,F14)+1)/2 -> 471.5 | O14: =COUNTIF($H$2:$H$560,"<"&H14)+(COUNTIF($H$2:$H$560,H14)+1)/2 -> 348.5 | P14: =IF(J14=FALSE(),COUNTIFS($J$2:$J$560,FALSE(),$F$2:$F$560,"<"&F14)+(COUNTIFS($J$2:$J$560,FALSE(),$F$2:$F$560,F14)+1)/2,"") | Q14: =IF(J14=FALSE(),COUNTIFS($J$2:$J$560,FALSE(),$H$2:$H$560,"<"&H14)+(COUNTIFS($J$2:$J$560,FALSE(),$H$2:$H$560,H14)+1)/2,"") | R14: =COUNTIF($L$2:$L$560,"<"&L14)+(COUNTIF($L$2:$L$560,L14)+1)/2 -> 204 | S14: =MATCH(F14,Codetabel!$G$2:$G$12,0)-1 -> 5 | T14: =H14-1 -> 4
A15: B1 | B15: 20 | C15: 0124 | D15: 0147 | E15: - opfokkippen en mestkuikens | F15: 200 | G15: 4.1 | H15: 5 | I15: 200 | J15: =TRUE() -> TRUE | K15: 50 | L15: 3 | M15: =FALSE() -> FALSE | N15: =COUNTIF($F$2:$F$560,"<"&F15)+(COUNTIF($F$2:$F$560,F15)+1)/2 -> 471.5 | O15: =COUNTIF($H$2:$H$560,"<"&H15)+(COUNTIF($H$2:$H$560,H15)+1)/2 -> 348.5 | P15: =IF(J15=FALSE(),COUNTIFS($J$2:$J$560,FALSE(),$F$2:$F$560,"<"&F15)+(COUNTIFS($J$2:$J$560,FALSE(),$F$2:$F$560,F15)+1)/2,"") | Q15: =IF(J15=FALSE(),COUNTIFS($J$2:$J$560,FALSE(),$H$2:$H$560,"<"&H15)+(COUNTIFS($J$2:$J$560,FALSE(),$H$2:$H$560,H15)+1)/2,"") | R15: =COUNTIF($L$2:$L$560,"<"&L15)+(COUNTIF($L$2:$L$560,L15)+1)/2 -> 204 | S15: =MATCH(F15,Codetabel!$G$2:$G$12,0)-1 -> 5 | T15: =H15-1 -> 4
A16: B1 | B16: 21 | C16: 0124 | D16: 0147 | E16: - eenden en ganzen | F16: 200 | G16: 4.1 | H16: 5 | I16: 200 | J16: =TRUE() -> TRUE | K16: 50 | L16: 3 | M16: =FALSE() -> FALSE | N16: =COUNTIF($F$2:$F$560,"<"&F16)+(COUNTIF($F$2:$F$560,F16)+1)/2 -> 471.5 | O16: =COUNTIF($H$2:$H$560,"<"&H16)+(COUNTIF($H$2:$H$560,H16)+1)/2 -> 348.5 | P16: =IF(J16=FALSE(),COUNTIFS($J$2:$J$560,FALSE(),$F$2:$F$560,"<"&F16)+(COUNTIFS($J$2:$J$560,FALSE(),$F$2:$F$560,F16)+1)/2,"") | Q16: =IF(J16=FALSE(),COUNTIFS($J$2:$J$560,FALSE(),$H$2:$H$560,"<"&H16)+(COUNTIFS($J$2:$J$560,FALSE(),$H$2:$H$560,H16)+1)/2,"") | R16: =COUNTIF($L$2:$L$560,"<"&L16)+(COUNTIF($L$2:$L$560,L16)+1)/2 -> 204 | S16: =MATCH(F16,Codetabel!$G$2:$G$12,0)-1 -> 5 | T16: =H16-1 -> 4
A17: B1 | B17: 22 | C17: 0124 | D17: 0147 | E17: - overig pluimvee | F17: 100 | G17: 3.2 | H17: 4 | I17: 100 | J17: =TRUE() -> TRUE | K17: 50 | L17: 3 | M17: =FALSE() -> FALSE | N17: =COUNTIF($F$2:$F$560,"<"&F17)+(COUNTIF($F$2:$F$560,F17)+1)/2 -> 415.5 | O17: =COUNTIF($H$2:$H$560,"<"&H17)+(COUNTIF($H$2:$H$560,H17)+1)/2 -> 266.5 | P17: =IF(J17=FALSE(),COUNTIFS($J$2:$J$560,FALSE(),$F$2:$F$560,"<"&F17)+(COUNTIFS($J$2:$J$560,FALSE(),$F$2:$F$560,F17)+1)/2,"") | Q17: =IF(J17=FALSE(),COUNTIFS($J$2:$J$560,FALSE(),$H$2:$H$560,"<"&H17)+(COUNTIFS($J$2:$J$560,FALSE(),$H$2:$H$560,H17)+1)/2,"") | R17: =COUNTIF($L$2:$L$560,"<"&L17)+(COUNTIF($L$2:$L$560,L17)+1)/2 -> 204 | S17: =MATCH(F17,Codetabel!$G$2:$G$12,0)-1 -> 4 | T17: =H17-1 -> 3
... A19: B1 | B19: 25 | C19: 0125 | D19: 0149 | E19: - konijnen | F19: 100 | G19: 3.2 | H19: 4 | I19: 100 | J19: =TRUE() -> TRUE | K19: 30 | L19: 2 | M19: =FALSE() -> FALSE | N19: =COUNTIF($F$2:$F$560,"<"&F19)+(COUNTIF($F$2:$F$560,F19)+1)/2 -> 415.5 | O19: =COUNTIF($H$2:$H$560,"<"&H19)+(COUNTIF($H$2:$H$560,H19)+1)/2 -> 266.5 | P19: =IF(J19=FALSE(),COUNTIFS($J$2:$J$560,FALSE(),$F$2:$F$560,"<"&F19)+(COUNTIFS($J$2:$J$560,FALSE(),$F$2:$F$560,F19)+1)/2,"") | Q19: =IF(J19=FALSE(),COUNTIFS($J$2:$J$560,FALSE(),$H$2:$H$560,"<"&H19)+(COUNTIFS($J$2:$J$560,FALSE(),$H$2:$H$560,H19)+1)/2,"") | R19: =COUNTIF($L$2:$L$560,"<"&L19)+(COUNTIF($L$2:$L$560,L19)+1)/2 -> 101.5 | S19: =MATCH(F19,Codetabel!$G$2:$G$12,0)-1 -> 4 | T19: =H19-1 -> 3
A20: B1 | B20: 26 | C20: 0125 | D20: 0149 | E20: - huisdieren | F20: 30 | G20: 3.1 | H20: 3 | I20: 50 | J20: =FALSE() -> FALSE | K20: 50 | L20: 3 | M20: =FALSE() -> FALSE | N20: =COUNTIF($F$2:$F$560,"<"&F20)+(COUNTIF($F$2:$F$560,F20)+1)/2 -> 257.5 | O20: =COUNTIF($H$2:$H$560,"<"&H20)+(COUNTIF($H$2:$H$560,H20)+1)/2 -> 175.5 | P20: =IF(J20=FALSE(),COUNTIFS($J$2:$J$560,FALSE(),$F$2:$F$560,"<"&F20)+(COUNTIFS($J$2:$J$560,FALSE(),$F$2:$F$560,F20)+1)/2,"") -> 240 | Q20: =IF(J20=FALSE(),COUNTIFS($J$2:$J$560,FALSE(),$H$2:$H$560,"<"&H20)+(COUNTIFS($J$2:$J$560,FALSE(),$H$2:$H$560,H20)+1)/2,"") -> 132.5 | R20: =COUNTIF($L$2:$L$560,"<"&L20)+(COUNTIF($L$2:$L$560,L20)+1)/2 -> 204 | S20: =MATCH(F20,Codetabel!$G$2:$G$12,0)-1 -> 2 | T20: =H20-1 -> 2
A21: B1 | B21: 27 | C21: 0125 | D21: 0149 | E21: - maden, wormen e.d. | F21: 100 | G21: 3.2 | H21: 4 | I21: 100 | J21: =TRUE() -> TRUE | K21: 30 | L21: 2 | M21: =FALSE() -> FALSE | N21: =COUNTIF($F$2:$F$560,"<"&F21)+(COUNTIF($F$2:$F$560,F21)+1)/2 -> 415.5 | O21: =COUNTIF($H$2:$H$560,"<"&H21)+(COUNTIF($H$2:$H$560,H21)+1)/2 -> 266.5 | P21: =IF(J21=FALSE(),COUNTIFS($J$2:$J$560,FALSE(),$F$2:$F$560,"<"&F21)+(COUNTIFS($J$2:$J$560,FALSE(),$F$2:$F$560,F21)+1)/2,"") | Q21: =IF(J21=FALSE(),COUNTIFS($J$2:$J$560,FALSE(),$H$2:$H$560,"<"&H21)+(COUNTIFS($J$2:$J$560,FALSE(),$H$2:$H$560,H21)+1)/2,"") | R21: =COUNTIF($L$2:$L$560,"<"&L21)+(COUNTIF($L$2:$L$560,L21)+1)/2 -> 101.5 | S21: =MATCH(F21,Codetabel!$G$2:$G$12,0)-1 -> 4 | T21: =H21-1 -> 3
A22: B1 | B22: 28 | C22: 0125 | D22: 0149 | E22: - bijen | F22: 10 | G22: 2 | H22: 2 | I22: 30 | J22: =FALSE() -> FALSE | K22: 30 | L22: 2 | M22: =FALSE() -> FALSE | N22: =COUNTIF($F$2:$F$560,"<"&F22)+(COUNTIF($F$2:$F$560,F22)+1)/2 -> 164 | O22: =COUNTIF($H$2:$H$560,"<"&H22)+(COUNTIF($H$2:$H$560,H22)+1)/2 -> 89 | P22: =IF(J22=FALSE(),COUNTIFS($J$2:$J$560,FALSE(),$F$2:$F$560,"<"&F22)+(COUNTIFS($J$2:$J$560,FALSE(),$F$2:$F$560,F22)+1)/2,"") -> 161.5 | Q22: =IF(J22=FALSE(),COUNTIFS($J$2:$J$560,FALSE(),$H$2:$H$560,"<"&H22)+(COUNTIFS($J$2:$J$560,FALSE(),$H$2:$H$560,H22)+1)/2,"") -> 71.5 | R22: =COUNTIF($L$2:$L$560,"<"&L22)+(COUNTIF($L$2:$L$560,L22)+1)/2 -> 101.5 | S22: =MATCH(F22,Codetabel!$G$2:$G$12,0)-1 -> 1 | T22: =H22-1 -> 1
A23: B1 | B23: 29 | C23: 0125 | D23: 0149 | E23: - overige dieren | F23: 30 | G23: 2 | H23: 2 | I23: 30 | J23: =TRUE() -> TRUE | K23: 30 | L23: 2 | M23: =FALSE() -> FALSE | N23: =COUNTIF($F$2:$F$560,"<"&F23)+(COUNTIF($F$2:$F$560,F23)+1)/2 -> 257.5 | O23: =COUNTIF($H$2:$H$560,"<"&H23)+(COUNTIF($H$2:$H$560,H23)+1)/2 -> 89 | P23: =IF(J23=FALSE(),COUNTIFS($J$2:$J$560,FALSE(),$F$2:$F$560,"<"&F23)+(COUNTIFS($J$2:$J$560,FALSE(),$F$2:$F$560,F23)+1)/2,"") | Q23: =IF(J23=FALSE(),COUNTIFS($J$2:$J$560,FALSE(),$H$2:$H$560,"<"&H23)+(COUNTIFS($J$2:$J$560,FALSE(),$H$2:$H$560,H23)+1)/2,"") | R23: =COUNTIF($L$2:$L$560,"<"&L23)+(COUNTIF($L$2:$L$560,L23)+1)/2 -> 101.5 | S23: =MATCH(F23,Codetabel!$G$2:$G$12,0)-1 -> 2 | T23: =H23-1 -> 1
A24: B1 | B24: 30 | C24: 0130 | D24: 0150 | E24: Akker-en/of tuinbouw in combinatie met het fokken en houden van dieren (niet intensief) | F24: 100 | G24: 3.2 | H24: 4 | I24: 100 | J24: =TRUE() -> TRUE | K24: 30 | L24: 2 | M24: =FALSE() -> FALSE | N24: =COUNTIF($F$2:$F$560,"<"&F24)+(COUNTIF($F$2:$F$560,F24)+1)/2 -> 415.5 | O24: =COUNTIF($H$2:$H$560,"<"&H24)+(COUNTIF($H$2:$H$560,H24)+1)/2 -> 266.5 | P24: =IF(J24=FALSE(),COUNTIFS($J$2:$J$560,FALSE(),$F$2:$F$560,"<"&F24)+(COUNTIFS($J$2:$J$560,FALSE(),$F$2:$F$560,F24)+1)/2,"") | Q24: =IF(J24=FALSE(),COUNTIFS($J$2:$J$560,FALSE(),$H$2:$H$560,"<"&H24)+(COUNTIFS($J$2:$J$560,FALSE(),$H$2:$H$560,H24)+1)/2,"") | R24: =COUNTIF($L$2:$L$560,"<"&L24)+(COUNTIF($L$2:$L$560,L24)+1)/2 -> 101.5 | S24: =MATCH(F24,Codetabel!$G$2:$G$12,0)-1 -> 4 | T24: =H24-1 -> 3
A25: B1 | B25: 32 | C25: 014 | D25: 016 | E25: - algemeen (o.a. loonbedrijven): b.o. > 500 m² | F25: 30 | G25: 3.1 | H25: 3 | I25: 50 | J25: =FALSE() -> FALSE | K25: 50 | L25: 3 | M25: =FALSE() -> FALSE | N25: =COUNTIF($F$2:$F$560,"<"&F25)+(COUNTIF($F$2:$F$560,F25)+1)/2 -> 257.5 | O25: =COUNTIF($H$2:$H$560,"<"&H25)+(COUNTIF($H$2:$H$560,H25)+1)/2 -> 175.5 | P25: =IF(J25=FALSE(),COUNTIFS($J$2:$J$560,FALSE(),$F$2:$F$560,"<"&F25)+(COUNTIFS($J$2:$J$560,FALSE(),$F$2:$F$560,F25)+1)/2,"") -> 240 | Q25: =IF(J25=FALSE(),COUNTIFS($J$2:$J$560,FALSE(),$H$2:$H$560,"<"&H25)+(COUNTIFS($J$2:$J$560,FALSE(),$H$2:$H$560,H25)+1)/2,"") -> 132.5 | R25: =COUNTIF($L$2:$L$560,"<"&L25)+(COUNTIF($L$2:$L$560,L25)+1)/2 -> 204 | S25: =MATCH(F25,Codetabel!$G$2:$G$12,0)-1 -> 2 | T25: =H25-1 -> 2
A26: B1 | B26: 33 | C26: 014 | D26: 016 | E26: - algemeen (o.a. loonbedrijven): b.o.<= 500 m² | F26: 30 | G26: 2 | H26: 2 | I26: 30 | J26: =TRUE() -> TRUE | K26: 30 | L26: 2 | M26: =FALSE() -> FALSE | N26: =COUNTIF($F$2:$F$560,"<"&F26)+(COUNTIF($F$2:$F$560,F26)+1)/2 -> 257.5 | O26: =COUNTIF($H$2:$H$560,"<"&H26)+(COUNTIF($H$2:$H$560,H26)+1)/2 -> 89 | P26: =IF(J26=FALSE(),COUNTIFS($J$2:$J$560,FALSE(),$F$2:$F$560,"<"&F26)+(COUNTIFS($J$2:$J$560,FALSE(),$F$2:$F$560,F26)+1)/2,"") | Q26: =IF(J26=FALSE(),COUNTIFS($J$2:$J$560,FALSE(),$H$2:$H$560,"<"&H26)+(COUNTIFS($J$2:$J$560,FALSE(),$H$2:$H$560,H26)+1)/2,"") | R26: =COUNTIF($L$2:$L$560,"<"&L26)+(COUNTIF($L$2:$L$560,L26)+1)/2 -> 101.5 | S26: =MATCH(F26,Codetabel!$G$2:$G$12,0)-1 -> 2 | T26: =H26-1 -> 1
A27: B1 | B27: 34 | C27: 014 | D27: 016 | E27: - plantsoenendiensten en hoveniersbedrijven: b.o. > 500 m² | F27: 30 | G27: 3.1 | H27: 3 | I27: 50 | J27: =FALSE() -> FALSE | K27: 50 | L27: 3 | M27: =FALSE() -> FALSE | N27: =COUNTIF($F$2:$F$560,"<"&F27)+(COUNTIF($F$2:$F$560,F27)+1)/2 -> 257.5 | O27: =COUNTIF($H$2:$H$560,"<"&H27)+(COUNTIF($H$2:$H$560,H27)+1)/2 -> 175.5 | P27: =IF(J27=FALSE(),COUNTIFS($J$2:$J$560,FALSE(),$F$2:$F$560,"<"&F27)+(COUNTIFS($J$2:$J$560,FALSE(),$F$2:$F$560,F27)+1)/2,"") -> 240 | Q27: =IF(J27=FALSE(),COUNTIFS($J$2:$J$560,FALSE(),$H$2:$H$560,"<"&H27)+(COUNTIFS($J$2:$J$560,FALSE(),$H$2:$H$560,H27)+1)/2,"") -> 132.5 | R27: =COUNTIF($L$2:$L$560,"<"&L27)+(COUNTIF($L$2:$L$560,L27)+1)/2 -> 204 | S27: =MATCH(F27,Codetabel!$G$2:$G$12,0)-1 -> 2 | T27: =H27-1 -> 2
A28: B1 | B28: 35 | C28: 014 | D28: 016 | E28: - plantsoenendiensten en hoveniersbedrijven: b.o. <= 500 m² | F28: 30 | G28: 2 | H28: 2 | I28: 30 | J28: =TRUE() -> TRUE | K28: 30 | L28: 2 | M28: =FALSE() -> FALSE | N28: =COUNTIF($F$2:$F$560,"<"&F28)+(COUNTIF($F$2:$F$560,F28)+1)/2 -> 257.5 | O28: =COUNTIF($H$2:$H$560,"<"&H28)+(COUNTIF($H$2:$H$560,H28)+1)/2 -> 89 | P28: =IF(J28=FALSE(),COUNTIFS($J$2:$J$560,FALSE(),$F$2:$F$560,"<"&F28)+(COUNTIFS($J$2:$J$560,FALSE(),$F$2:$F$560,F28)+1)/2,"") | Q28: =IF(J28=FALSE(),COUNTIFS($J$2:$J$560,FALSE(),$H$2:$H$560,"<"&H28)+(COUNTIFS($J$2:$J$560,FALSE(),$H$2:$H$560,H28)+1)/2,"") | R28: =COUNTIF($L$2:$L$560,"<"&L28)+(COUNTIF($L$2:$L$560,L28)+1)/2 -> 101.5 | S28: =MATCH(F28,Codetabel!$G$2:$G$12,0)-1 -> 2 | T28: =H28-1 -> 1
A29: B1 | B29: 36 | C29: 0142 | D29: 0162 | E29: KI-stations | F29: 30 | G29: 2 | H29: 2 | I29: 30 | J29: =TRUE() -> TRUE | K29: 30 | L29: 2 | M29: =FALSE() -> FALSE | N29: =COUNTIF($F$2:$F$560,"<"&F29)+(COUNTIF($F$2:$F$560,F29)+1)/2 -> 257.5 | O29: =COUNTIF($H$2:$H$560,"<"&H29)+(COUNTIF($H$2:$H$560,H29)+1)/2 -> 89 | P29: =IF(J29=FALSE(),COUNTIFS($J$2:$J$560,FALSE(),$F$2:$F$560,"<"&F29)+(COUNTIFS($J$2:$J$560,FALSE(),$F$2:$F$560,F29)+1)/2,"") | Q29: =IF(J29=FALSE(),COUNTIFS($J$2:$J$560,FALSE(),$H$2:$H$560,"<"&H29)+(COUNTIFS($J$2:$J$560,FALSE(),$H$2:$H$560,H29)+1)/2,"") | R29: =COUNTIF($L$2:$L$560,"<"&L29)+(COUNTIF($L$2:$L$560,L29)+1)/2 -> 101.5 | S29: =MATCH(F29,Codetabel!$G$2:$G$12,0)-1 -> 2 | T29: =H29-1 -> 1
A30: B1 | B30: 39 | C30: 020 | D30: 021, 022, 024 | E30: Bosbouwbedrijven | F30: 10 | G30: 3.1 | H30: 3 | I30: 50 | J30: =FALSE() -> FALSE | K30: 50 | L30: 3 | M30: =FALSE() -> FALSE | N30: =COUNTIF($F$2:$F$560,"<"&F30)+(COUNTIF($F$2:$F$560,F30)+1)/2 -> 164 | O30: =COUNTIF($H$2:$H$560,"<"&H30)+(COUNTIF($H$2:$H$560,H30)+1)/2 -> 175.5 | P30: =IF(J30=FALSE(),COUNTIFS($J$2:$J$560,FALSE(),$F$2:$F$560,"<"&F30)+(COUNTIFS($J$2:$J$560,FALSE(),$F$2:$F$560,F30)+1)/2,"") -> 161.5 | Q30: =IF(J30=FALSE(),COUNTIFS($J$2:$J$560,FALSE(),$H$2:$H$560,"<"&H30)+(COUNTIFS($J$2:$J$560,FALSE(),$H$2:$H$560,H30)+1)/2,"") -> 132.5 | R30: =COUNTIF($L$2:$L$560,"<"&L30)+(COUNTIF($L$2:$L$560,L30)+1)/2 -> 204 | S30: =MATCH(F30,Codetabel!$G$2:$G$12,0)-1 -> 1 | T30: =H30-1 -> 2
A31: B1 | B31: 42 | C31: 0501.1 | D31: 0311 | E31: Zeevisserijbedrijven | F31: 100 | G31: 3.2 | H31: 4 | I31: 100 | J31: =TRUE() -> TRUE | K31: 100 | L31: 4 | M31: =FALSE() -> FALSE | N31: =COUNTIF($F$2:$F$560,"<"&F31)+(COUNTIF($F$2:$F$560,F31)+1)/2 -> 415.5 | O31: =COUNTIF($H$2:$H$560,"<"&H31)+(COUNTIF($H$2:$H$560,H31)+1)/2 -> 266.5 | P31: =IF(J31=FALSE(),COUNTIFS($J$2:$J$560,FALSE(),$F$2:$F$560,"<"&F31)+(COUNTIFS($J$2:$J$560,FALSE(),$F$2:$F$560,F31)+1)/2,"") | Q31: =IF(J31=FALSE(),COUNTIFS($J$2:$J$560,FALSE(),$H$2:$H$560,"<"&H31)+(COUNTIFS($J$2:$J$560,FALSE(),$H$2:$H$560,H31)+1)/2,"") | R31: =COUNTIF($L$2:$L$560,"<"&L31)+(COUNTIF($L$2:$L$560,L31)+1)/2 -> 305 | S31: =MATCH(F31,Codetabel!$G$2:$G$12,0)-1 -> 4 | T31: =H31-1 -> 3
A32: B1 | B32: 43 | C32: 0501.2 | D32: 0312 | E32: Binnenvisserijbedrijven | F32: 50 | G32: 3.1 | H32: 3 | I32: 50 | J32: =TRUE() -> TRUE | K32: 50 | L32: 3 | M32: =FALSE() -> FALSE | N32: =COUNTIF($F$2:$F$560,"<"&F32)+(COUNTIF($F$2:$F$560,F32)+1)/2 -> 343.5 | O32: =COUNTIF($H$2:$H$560,"<"&H32)+(COUNTIF($H$2:$H$560,H32)+1)/2 -> 175.5 | P32: =IF(J32=FALSE(),COUNTIFS($J$2:$J$560,FALSE(),$F$2:$F$560,"<"&F32)+(COUNTIFS($J$2:$J$560,FALSE(),$F$2:$F$560,F32)+1)/2,"") | Q32: =IF(J32=FALSE(),COUNTIFS($J$2:$J$560,FALSE(),$H$2:$H$560,"<"&H32)+(COUNTIFS($J$2:$J$560,FALSE(),$H$2:$H$560,H32)+1)/2,"") | R32: =COUNTIF($L$2:$L$560,"<"&L32)+(COUNTIF($L$2:$L$560,L32)+1)/2 -> 204 | S32: =MATCH(F32,Codetabel!$G$2:$G$12,0)-1 -> 3 | T32: =H32-1 -> 2
A33: B1 | B33: 45 | C33: 0502 | D33: 032 | E33: - oester-, mossel- en schelpenteeltbedrijven | F33: 100 | G33: 3.2 | H33: 4 | I33: 100 | J33: =TRUE() -> TRUE | K33: 50 | L33: 3 | M33: =FALSE() -> FALSE | N33: =COUNTIF($F$2:$F$560,"<"&F33)+(COUNTIF($F$2:$F$560,F33)+1)/2 -> 415.5 | O33: =COUNTIF($H$2:$H$560,"<"&H33)+(COUNTIF($H$2:$H$560,H33)+1)/2 -> 266.5 | P33: =IF(J33=FALSE(),COUNTIFS($J$2:$J$560,FALSE(),$F$2:$F$560,"<"&F33)+(COUNTIFS($J$2:$J$560,FALSE(),$F$2:$F$560,F33)+1)/2,"") | Q33: =IF(J33=FALSE(),COUNTIFS($J$2:$J$560,FALSE(),$H$2:$H$560,"<"&H33)+(COUNTIFS($J$2:$J$560,FALSE(),$H$2:$H$560,H33)+1)/2,"") | R33: =COUNTIF($L$2:$L$560,"<"&L33)+(COUNTIF($L$2:$L$560,L33)+1)/2 -> 204 | S33: =MATCH(F33,Codetabel!$G$2:$G$12,0)-1 -> 4 | T33: =H33-1 -> 3
A34: B1 | B34: 46 | C34: 0502 | D34: 032 | E34: - visteeltbedrijven | F34: 50 | G34: 3.1 | H34: 3 | I34: 50 | J34: =TRUE() -> TRUE | K34: 50 | L34: 3 | M34: =FALSE() -> FALSE | N34: =COUNTIF($F$2:$F$560,"<"&F34)+(COUNTIF($F$2:$F$560,F34)+1)/2 -> 343.5 | O34: =COUNTIF($H$2:$H$560,"<"&H34)+(COUNTIF($H$2:$H$560,H34)+1)/2 -> 175.5 | P34: =IF(J34=FALSE(),COUNTIFS($J$2:$J$560,FALSE(),$F$2:$F$560,"<"&F34)+(COUNTIFS($J$2:$J$560,FALSE(),$F$2:$F$560,F34)+1)/2,"") | Q34: =IF(J34=FALSE(),COUNTIFS($J$2:$J$560,FALSE(),$H$2:$H$560,"<"&H34)+(COUNTIFS($J$2:$J$560,FALSE(),$H$2:$H$560,H34)+1)/2,"") | R34: =COUNTIF($L$2:$L$560,"<"&L34)+(COUNTIF($L$2:$L$560,L34)+1)/2 -> 204 | S34: =MATCH(F34,Codetabel!$G$2:$G$12,0)-1 -> 3 | T34: =H34-1 -> 2
A35: B1 | B35: 49 | C35: 103 | D35: 089 | E35: Turfwinningbedrijven | F35: 50 | G35: 3.2 | H35: 4 | I35: 100 | J35: =FALSE() -> FALSE | K35: 100 | L35: 4 | M35: =FALSE() -> FALSE | N35: =COUNTIF($F$2:$F$560,"<"&F35)+(COUNTIF($F$2:$F$560,F35)+1)/2 -> 343.5 | O35: =COUNTIF($H$2:$H$560,"<"&H35)+(COUNTIF($H$2:$H$560,H35)+1)/2 -> 266.5 | P35: =IF(J35=FALSE(),COUNTIFS($J$2:$J$560,FALSE(),$F$2:$F$560,"<"&F35)+(COUNTIFS($J$2:$J$560,FALSE(),$F$2:$F$560,F35)+1)/2,"") -> 300.5 | Q35: =IF(J35=FALSE(),COUNTIFS($J$2:$J$560,FALSE(),$H$2:$H$560,"<"&H35)+(COUNTIFS($J$2:$J$560,FALSE(),$H$2:$H$560,H35)+1)/2,"") -> 193.5 | R35: =COUNTIF($L$2:$L$560,"<"&L35)+(COUNTIF($L$2:$L$560,L35)+1)/2 -> 305 | S35: =MATCH(F35,Codetabel!$G$2:$G$12,0)-1 -> 3 | T35: =H35-1 -> 3
A36: B1 | B36: 53 | C36: 111 | D36: 061 | E36: - aardoliewinputten | F36: 100 | G36: 4.1 | H36: 5 | I36: 200 | J36: =FALSE() -> FALSE | K36: 200 | L36: 5 | M36: =FALSE() -> FALSE | N36: =COUNTIF($F$2:$F$560,"<"&F36)+(COUNTIF($F$2:$F$560,F36)+1)/2 -> 415.5 | O36: =COUNTIF($H$2:$H$560,"<"&H36)+(COUNTIF($H$2:$H$560,H36)+1)/2 -> 348.5 | P36: =IF(J36=FALSE(),COUNTIFS($J$2:$J$560,FALSE(),$F$2:$F$560,"<"&F36)+(COUNTIFS($J$2:$J$560,FALSE(),$F$2:$F$560,F36)+1)/2,"") -> 342.5 | Q36: =IF(J36=FALSE(),COUNTIFS($J$2:$J$560,FALSE(),$H$2:$H$560,"<"&H36)+(COUNTIFS($J$2:$J$560,FALSE(),$H$2:$H$560,H36)+1)/2,"") -> 244 | R36: =COUNTIF($L$2:$L$560,"<"&L36)+(COUNTIF($L$2:$L$560,L36)+1)/2 -> 386.5 | S36: =MATCH(F36,Codetabel!$G$2:$G$12,0)-1 -> 4 | T36: =H36-1 -> 4
A37: B1 | B37: 54 | C37: 111 | D37: 062 | E37: - aardgaswinning incl. gasbeh.inst.: < 10.000.000 N m3/d | F37: 30 | G37: 5.1 | H37: 7 | I37: 500 | J37: =FALSE() -> FALSE | K37: 500 | L37: 7 | M37: =FALSE() -> FALSE | N37: =COUNTIF($F$2:$F$560,"<"&F37)+(COUNTIF($F$2:$F$560,F37)+1)/2 -> 257.5 | O37: =COUNTIF($H$2:$H$560,"<"&H37)+(COUNTIF($H$2:$H$560,H37)+1)/2 -> 486.5 | P37: =IF(J37=FALSE(),COUNTIFS($J$2:$J$560,FALSE(),$F$2:$F$560,"<"&F37)+(COUNTIFS($J$2:$J$560,FALSE(),$F$2:$F$560,F37)+1)/2,"") -> 240 | Q37: =IF(J37=FALSE(),COUNTIFS($J$2:$J$560,FALSE(),$H$2:$H$560,"<"&H37)+(COUNTIFS($J$2:$J$560,FALSE(),$H$2:$H$560,H37)+1)/2,"") -> 325.5 | R37: =COUNTIF($L$2:$L$560,"<"&L37)+(COUNTIF($L$2:$L$560,L37)+1)/2 -> 497.5 | S37: =MATCH(F37,Codetabel!$G$2:$G$12,0)-1 -> 2 | T37: =H37-1 -> 6
A38: B1 | B38: 55 | C38: 111 | D38: 062 | E38: - aardgaswinning incl. gasbeh.inst.: >= 10.000.000 N m3/d | F38: 50 | G38: 5.2 | H38: 8 | I38: 700 | J38: =FALSE() -> FALSE | K38: 700 | L38: 8 | M38: =FALSE() -> FALSE | N38: =COUNTIF($F$2:$F$560,"<"&F38)+(COUNTIF($F$2:$F$560,F38)+1)/2 -> 343.5 | O38: =COUNTIF($H$2:$H$560,"<"&H38)+(COUNTIF($H$2:$H$560,H38)+1)/2 -> 520.5 | P38: =IF(J38=FALSE(),COUNTIFS($J$2:$J$560,FALSE(),$F$2:$F$560,"<"&F38)+(COUNTIFS($J$2:$J$560,FALSE(),$F$2:$F$560,F38)+1)/2,"") -> 300.5 | Q38: =IF(J38=FALSE(),COUNTIFS($J$2:$J$560,FALSE(),$H$2:$H$560,"<"&H38)+(COUNTIFS($J$2:$J$560,FALSE(),$H$2:$H$560,H38)+1)/2,"") -> 350.5 | R38: =COUNTIF($L$2:$L$560,"<"&L38)+(COUNTIF($L$2:$L$560,L38)+1)/2 -> 525 | S38: =MATCH(F38,Codetabel!$G$2:$G$12,0)-1 -> 3 | T38: =H38-1 -> 7
A39: B1 | B39: 59 | C39: 1421 | D39: 0812 | E39: - algemeen | F39: 10 | G39: 4.1 | H39: 5 | I39: 200 | J39: =FALSE() -> FALSE | K39: 200 | L39: 5 | M39: =FALSE() -> FALSE | N39: =COUNTIF($F$2:$F$560,"<"&F39)+(COUNTIF($F$2:$F$560,F39)+1)/2 -> 164 | O39: =COUNTIF($H$2:$H$560,"<"&H39)+(COUNTIF($H$2:$H$560,H39)+1)/2 -> 348.5 | P39: =IF(J39=FALSE(),COUNTIFS($J$2:$J$560,FALSE(),$F$2:$F$560,"<"&F39)+(COUNTIFS($J$2:$J$560,FALSE(),$F$2:$F$560,F39)+1)/2,"") -> 161.5 | Q39: =IF(J39=FALSE(),COUNTIFS($J$2:$J$560,FALSE(),$H$2:$H$560,"<"&H39)+(COUNTIFS($J$2:$J$560,FALSE(),$H$2:$H$560,H39)+1)/2,"") -> 244 | R39: =COUNTIF($L$2:$L$560,"<"&L39)+(COUNTIF($L$2:$L$560,L39)+1)/2 -> 386.5 | S39: =MATCH(F39,Codetabel!$G$2:$G$12,0)-1 -> 1 | T39: =H39-1 -> 4
A40: B1 | B40: 60 | C40: 1421 | D40: 0812 | E40: - steenbrekerijen | F40: 10 | G40: 5.2 | H40: 8 | I40: 700 | J40: =FALSE() -> FALSE | K40: 700 | L40: 8 | M40: =FALSE() -> FALSE | N40: =COUNTIF($F$2:$F$560,"<"&F40)+(COUNTIF($F$2:$F$560,F40)+1)/2 -> 164 | O40: =COUNTIF($H$2:$H$560,"<"&H40)+(COUNTIF($H$2:$H$560,H40)+1)/2 -> 520.5 | P40: =IF(J40=FALSE(),COUNTIFS($J$2:$J$560,FALSE(),$F$2:$F$560,"<"&F40)+(COUNTIFS($J$2:$J$560,FALSE(),$F$2:$F$560,F40)+1)/2,"") -> 161.5 | Q40: =IF(J40=FALSE(),COUNTIFS($J$2:$J$560,FALSE(),$H$2:$H$560,"<"&H40)+(COUNTIFS($J$2:$J$560,FALSE(),$H$2:$H$560,H40)+1)/2,"") -> 350.5 | R40: =COUNTIF($L$2:$L$560,"<"&L40)+(COUNTIF($L$2:$L$560,L40)+1)/2 -> 525 | S40: =MATCH(F40,Codetabel!$G$2:$G$12,0)-1 -> 1 | T40: =H40-1 -> 7
A41: B1 | B41: 61 | C41: 144 | D41: 0893 | E41: Zoutwinningbedrijven | F41: 50 | G41: 3.2 | H41: 4 | I41: 100 | J41: =FALSE() -> FALSE | K41: 100 | L41: 4 | M41: =FALSE() -> FALSE | N41: =COUNTIF($F$2:$F$560,"<"&F41)+(COUNTIF($F$2:$F$560,F41)+1)/2 -> 343.5 | O41: =COUNTIF($H$2:$H$560,"<"&H41)+(COUNTIF($H$2:$H$560,H41)+1)/2 -> 266.5 | P41: =IF(J41=FALSE(),COUNTIFS($J$2:$J$560,FALSE(),$F$2:$F$560,"<"&F41)+(COUNTIFS($J$2:$J$560,FALSE(),$F$2:$F$560,F41)+1)/2,"") -> 300.5 | Q41: =IF(J41=FALSE(),COUNTIFS($J$2:$J$560,FALSE(),$H$2:$H$560,"<"&H41)+(COUNTIFS($J$2:$J$560,FALSE(),$H$2:$H$560,H41)+1)/2,"") -> 193.5 | R41: =COUNTIF($L$2:$L$560,"<"&L41)+(COUNTIF($L$2:$L$560,L41)+1)/2 -> 305 | S41: =MATCH(F41,Codetabel!$G$2:$G$12,0)-1 -> 3 | T41: =H41-1 -> 3
A42: B1 | B42: 62 | C42: 145 | D42: 0899 | E42: Mergel- en overige delfstoffenwinningbedrijven | F42: 10 | G42: 5.1 | H42: 7 | I42: 500 | J42: =FALSE() -> FALSE | K42: 500 | L42: 7 | M42: =FALSE() -> FALSE | N42: =COUNTIF($F$2:$F$560,"<"&F42)+(COUNTIF($F$2:$F$560,F42)+1)/2 -> 164 | O42: =COUNTIF($H$2:$H$560,"<"&H42)+(COUNTIF($H$2:$H$560,H42)+1)/2 -> 486.5 | P42: =IF(J42=FALSE(),COUNTIFS($J$2:$J$560,FALSE(),$F$2:$F$560,"<"&F42)+(COUNTIFS($J$2:$J$560,FALSE(),$F$2:$F$560,F42)+1)/2,"") -> 161.5 | Q42: =IF(J42=FALSE(),COUNTIFS($J$2:$J$560,FALSE(),$H$2:$H$560,"<"&H42)+(COUNTIFS($J$2:$J$560,FALSE(),$H$2:$H$560,H42)+1)/2,"") -> 325.5 | R42: =COUNTIF($L$2:$L$560,"<"&L42)+(COUNTIF($L$2:$L$560,L42)+1)/2 -> 497.5 | S42: =MATCH(F42,Codetabel!$G$2:$G$12,0)-1 -> 1 | T42: =H42-1 -> 6
A43: B1 | B43: 66 | C43: 151 | D43: 101, 102 | E43: - slachterijen en pluimveeslachterijen | F43: 100 | G43: 3.2 | H43: 4 | I43: 100 | J43: =TRUE() -> TRUE | K43: 100 | L43: 4 | M43: =TRUE() -> TRUE | N43: =COUNTIF($F$2:$F$560,"<"&F43)+(COUNTIF($F$2:$F$560,F43)+1)/2 -> 415.5 | O43: =COUNTIF($H$2:$H$560,"<"&H43)+(COUNTIF($H$2:$H$560,H43)+1)/2 -> 266.5 | P43: =IF(J43=FALSE(),COUNTIFS($J$2:$J$560,FALSE(),$F$2:$F$560,"<"&F43)+(COUNTIFS($J$2:$J$560,FALSE(),$F$2:$F$560,F43)+1)/2,"") | Q43: =IF(J43=FALSE(),COUNTIFS($J$2:$J$560,FALSE(),$H$2:$H$560,"<"&H43)+(COUNTIFS($J$2:$J$560,FALSE(),$H$2:$H$560,H43)+1)/2,"") | R43: =COUNTIF($L$2:$L$560,"<"&L43)+(COUNTIF($L$2:$L$560,L43)+1)/2 -> 305 | S43: =MATCH(F43,Codetabel!$G$2:$G$12,0)-1 -> 4 | T43: =H43-1 -> 3
A44: B1 | B44: 67 | C44: 151 | D44: 101 | E44: - vetsmelterijen | F44: 700 | G44: 5.2 | H44: 8 | I44: 700 | J44: =TRUE() -> TRUE | K44: 100 | L44: 4 | M44: =FALSE() -> FALSE | N44: =COUNTIF($F$2:$F$560,"<"&F44)+(COUNTIF($F$2:$F$560,F44)+1)/2 -> 549.5 | O44: =COUNTIF($H$2:$H$560,"<"&H44)+(COUNTIF($H$2:$H$560,H44)+1)/2 -> 520.5 | P44: =IF(J44=FALSE(),COUNTIFS($J$2:$J$560,FALSE(),$F$2:$F$560,"<"&F44)+(COUNTIFS($J$2:$J$560,FALSE(),$F$2:$F$560,F44)+1)/2,"") | Q44: =IF(J44=FALSE(),COUNTIFS($J$2:$J$560,FALSE(),$H$2:$H$560,"<"&H44)+(COUNTIFS($J$2:$J$560,FALSE(),$H$2:$H$560,H44)+1)/2,"") | R44: =COUNTIF($L$2:$L$560,"<"&L44)+(COUNTIF($L$2:$L$560,L44)+1)/2 -> 305 | S44: =MATCH(F44,Codetabel!$G$2:$G$12,0)-1 -> 8 | T44: =H44-1 -> 7
A45: B1 | B45: 68 | C45: 151 | D45: 101 | E45: - bewerkingsinrichting van darmen en vleesafval | F45: 300 | G45: 4.2 | H45: 6 | I45: 300 | J45: =TRUE() -> TRUE | K45: 100 | L45: 4 | M45: =TRUE() -> TRUE | N45: =COUNTIF($F$2:$F$560,"<"&F45)+(COUNTIF($F$2:$F$560,F45)+1)/2 -> 515 | O45: =COUNTIF($H$2:$H$560,"<"&H45)+(COUNTIF($H$2:$H$560,H45)+1)/2 -> 422.5 | P45: =IF(J45=FALSE(),COUNTIFS($J$2:$J$560,FALSE(),$F$2:$F$560,"<"&F45)+(COUNTIFS($J$2:$J$560,FALSE(),$F$2:$F$560,F45)+1)/2,"") | Q45: =IF(J45=FALSE(),COUNTIFS($J$2:$J$560,FALSE(),$H$2:$H$560,"<"&H45)+(COUNTIFS($J$2:$J$560,FALSE(),$H$2:$H$560,H45)+1)/2,"") | R45: =COUNTIF($L$2:$L$560,"<"&L45)+(COUNTIF($L$2:$L$560,L45)+1)/2 -> 305 | S45: =MATCH(F45,Codetabel!$G$2:$G$12,0)-1 -> 6 | T45: =H45-1 -> 5
A46: B1 | B46: 69 | C46: 151 | D46: 101 | E46: - vleeswaren- en vleesconservenfabrieken: p.o. > 1000 m² | F46: 100 | G46: 3.2 | H46: 4 | I46: 100 | J46: =TRUE() -> TRUE | K46: 100 | L46: 4 | M46: =TRUE() -> TRUE | N46: =COUNTIF($F$2:$F$560,"<"&F46)+(COUNTIF($F$2:$F$560,F46)+1)/2 -> 415.5 | O46: =COUNTIF($H$2:$H$560,"<"&H46)+(COUNTIF($H$2:$H$560,H46)+1)/2 -> 266.5 | P46: =IF(J46=FALSE(),COUNTIFS($J$2:$J$560,FALSE(),$F$2:$F$560,"<"&F46)+(COUNTIFS($J$2:$J$560,FALSE(),$F$2:$F$560,F46)+1)/2,"") | Q46: =IF(J46=FALSE(),COUNTIFS($J$2:$J$560,FALSE(),$H$2:$H$560,"<"&H46)+(COUNTIFS($J$2:$J$560,FALSE(),$H$2:$H$560,H46)+1)/2,"") | R46: =COUNTIF($L$2:$L$560,"<"&L46)+(COUNTIF($L$2:$L$560,L46)+1)/2 -> 305 | S46: =MATCH(F46,Codetabel!$G$2:$G$12,0)-1 -> 4 | T46: =H46-1 -> 3
A47: B1 | B47: 70 | C47: 151 | D47: 101 | E47: - vleeswaren- en vleesconservenfabrieken: p.o. <= 1000 m² | F47: 50 | G47: 3.1 | H47: 3 | I47: 50 | J47: =TRUE() -> TRUE | K47: 50 | L47: 3 | M47: =TRUE() -> TRUE | N47: =COUNTIF($F$2:$F$560,"<"&F47)+(COUNTIF($F$2:$F$560,F47)+1)/2 -> 343.5 | O47: =COUNTIF($H$2:$H$560,"<"&H47)+(COUNTIF($H$2:$H$560,H47)+1)/2 -> 175.5 | P47: =IF(J47=FALSE(),COUNTIFS($J$2:$J$560,FALSE(),$F$2:$F$560,"<"&F47)+(COUNTIFS($J$2:$J$560,FALSE(),$F$2:$F$560,F47)+1)/2,"") | Q47: =IF(J47=FALSE(),COUNTIFS($J$2:$J$560,FALSE(),$H$2:$H$560,"<"&H47)+(COUNTIFS($J$2:$J$560,FALSE(),$H$2:$H$560,H47)+1)/2,"") | R47: =COUNTIF($L$2:$L$560,"<"&L47)+(COUNTIF($L$2:$L$560,L47)+1)/2 -> 204 | S47: =MATCH(F47,Codetabel!$G$2:$G$12,0)-1 -> 3 | T47: =H47-1 -> 2
A48: B1 | B48: 71 | C48: 151 | D48: 101 | E48: - vleeswaren- en vleesconservenfabrieken: p.o. <= 200 m² | F48: 30 | G48: 3.1 | H48: 3 | I48: 50 | J48: =FALSE() -> FALSE | K48: 50 | L48: 3 | M48: =TRUE() -> TRUE | N48: =COUNTIF($F$2:$F$560,"<"&F48)+(COUNTIF($F$2:$F$560,F48)+1)/2 -> 257.5 | O48: =COUNTIF($H$2:$H$560,"<"&H48)+(COUNTIF($H$2:$H$560,H48)+1)/2 -> 175.5 | P48: =IF(J48=FALSE(),COUNTIFS($J$2:$J$560,FALSE(),$F$2:$F$560,"<"&F48)+(COUNTIFS($J$2:$J$560,FALSE(),$F$2:$F$560,F48)+1)/2,"") -> 240 | Q48: =IF(J48=FALSE(),COUNTIFS($J$2:$J$560,FALSE(),$H$2:$H$560,"<"&H48)+(COUNTIFS($J$2:$J$560,FALSE(),$H$2:$H$560,H48)+1)/2,"") -> 132.5 | R48: =COUNTIF($L$2:$L$560,"<"&L48)+(COUNTIF($L$2:$L$560,L48)+1)/2 -> 204 | S48: =MATCH(F48,Codetabel!$G$2:$G$12,0)-1 -> 2 | T48: =H48-1 -> 2
A49: B1 | B49: 72 | C49: 151 | D49: 101, 102 | E49: - loonslachterijen | F49: 50 | G49: 3.1 | H49: 3 | I49: 50 | J49: =TRUE() -> TRUE | K49: 50 | L49: 3 | M49: =TRUE() -> TRUE | N49: =COUNTIF($F$2:$F$560,"<"&F49)+(COUNTIF($F$2:$F$560,F49)+1)/2 -> 343.5 | O49: =COUNTIF($H$2:$H$560,"<"&H49)+(COUNTIF($H$2:$H$560,H49)+1)/2 -> 175.5 | P49: =IF(J49=FALSE(),COUNTIFS($J$2:$J$560,FALSE(),$F$2:$F$560,"<"&F49)+(COUNTIFS($J$2:$J$560,FALSE(),$F$2:$F$560,F49)+1)/2,"") | Q49: =IF(J49=FALSE(),COUNTIFS($J$2:$J$560,FALSE(),$H$2:$H$560,"<"&H49)+(COUNTIFS($J$2:$J$560,FALSE(),$H$2:$H$560,H49)+1)/2,"") | R49: =COUNTIF($L$2:$L$560,"<"&L49)+(COUNTIF($L$2:$L$560,L49)+1)/2 -> 204 | S49: =MATCH(F49,Codetabel!$G$2:$G$12,0)-1 -> 3 | T49: =H49-1 -> 2
A50: B1 | B50: 73 | C50: 151 | D50: 108 | E50: - vervaardiging van snacks en vervaardiging van kant-en-klaar-maaltijden met p.o. < 2.000 m² | F50: 50 | G50: 3.1 | H50: 3 | I50: 50 | J50: =TRUE() -> TRUE | K50: 50 | L50: 3 | M50: =TRUE() -> TRUE | N50: =COUNTIF($F$2:$F$560,"<"&F50)+(COUNTIF($F$2:$F$560,F50)+1)/2 -> 343.5 | O50: =COUNTIF($H$2:$H$560,"<"&H50)+(COUNTIF($H$2:$H$560,H50)+1)/2 -> 175.5 | P50: =IF(J50=FALSE(),COUNTIFS($J$2:$J$560,FALSE(),$F$2:$F$560,"<"&F50)+(COUNTIFS($J$2:$J$560,FALSE(),$F$2:$F$560,F50)+1)/2,"") | Q50: =IF(J50=FALSE(),COUNTIFS($J$2:$J$560,FALSE(),$H$2:$H$560,"<"&H50)+(COUNTIFS($J$2:$J$560,FALSE(),$H$2:$H$560,H50)+1)/2,"") | R50: =COUNTIF($L$2:$L$560,"<"&L50)+(COUNTIF($L$2:$L$560,L50)+1)/2 -> 204 | S50: =MATCH(F50,Codetabel!$G$2:$G$12,0)-1 -> 3 | T50: =H50-1 -> 2
A51: B1 | B51: 75 | C51: 152 | D51: 102 | E51: - drogen | F51: 700 | G51: 5.2 | H51: 8 | I51: 700 | J51: =TRUE() -> TRUE | K51: 200 | L51: 5 | M51: =FALSE() -> FALSE | N51: =COUNTIF($F$2:$F$560,"<"&F51)+(COUNTIF($F$2:$F$560,F51)+1)/2 -> 549.5 | O51: =COUNTIF($H$2:$H$560,"<"&H51)+(COUNTIF($H$2:$H$560,H51)+1)/2 -> 520.5 | P51: =IF(J51=FALSE(),COUNTIFS($J$2:$J$560,FALSE(),$F$2:$F$560,"<"&F51)+(COUNTIFS($J$2:$J$560,FALSE(),$F$2:$F$560,F51)+1)/2,"") | Q51: =IF(J51=FALSE(),COUNTIFS($J$2:$J$560,FALSE(),$H$2:$H$560,"<"&H51)+(COUNTIFS($J$2:$J$560,FALSE(),$H$2:$H$560,H51)+1)/2,"") | R51: =COUNTIF($L$2:$L$560,"<"&L51)+(COUNTIF($L$2:$L$560,L51)+1)/2 -> 386.5 | S51: =MATCH(F51,Codetabel!$G$2:$G$12,0)-1 -> 8 | T51: =H51-1 -> 7
A52: B1 | B52: 76 | C52: 152 | D52: 102 | E52: - conserveren | F52: 200 | G52: 4.1 | H52: 5 | I52: 200 | J52: =TRUE() -> TRUE | K52: 100 | L52: 4 | M52: =TRUE() -> TRUE | N52: =COUNTIF($F$2:$F$560,"<"&F52)+(COUNTIF($F$2:$F$560,F52)+1)/2 -> 471.5 | O52: =COUNTIF($H$2:$H$560,"<"&H52)+(COUNTIF($H$2:$H$560,H52)+1)/2 -> 348.5 | P52: =IF(J52=FALSE(),COUNTIFS($J$2:$J$560,FALSE(),$F$2:$F$560,"<"&F52)+(COUNTIFS($J$2:$J$560,FALSE(),$F$2:$F$560,F52)+1)/2,"") | Q52: =IF(J52=FALSE(),COUNTIFS($J$2:$J$560,FALSE(),$H$2:$H$560,"<"&H52)+(COUNTIFS($J$2:$J$560,FALSE(),$H$2:$H$560,H52)+1)/2,"") | R52: =COUNTIF($L$2:$L$560,"<"&L52)+(COUNTIF($L$2:$L$560,L52)+1)/2 -> 305 | S52: =MATCH(F52,Codetabel!$G$2:$G$12,0)-1 -> 5 | T52: =H52-1 -> 4
A53: B1 | B53: 77 | C53: 152 | D53: 102 | E53: - roken | F53: 300 | G53: 4.2 | H53: 6 | I53: 300 | J53: =TRUE() -> TRUE | K53: 50 | L53: 3 | M53: =TRUE() -> TRUE | N53: =COUNTIF($F$2:$F$560,"<"&F53)+(COUNTIF($F$2:$F$560,F53)+1)/2 -> 515 | O53: =COUNTIF($H$2:$H$560,"<"&H53)+(COUNTIF($H$2:$H$560,H53)+1)/2 -> 422.5 | P53: =IF(J53=FALSE(),COUNTIFS($J$2:$J$560,FALSE(),$F$2:$F$560,"<"&F53)+(COUNTIFS($J$2:$J$560,FALSE(),$F$2:$F$560,F53)+1)/2,"") | Q53: =IF(J53=FALSE(),COUNTIFS($J$2:$J$560,FALSE(),$H$2:$H$560,"<"&H53)+(COUNTIFS($J$2:$J$560,FALSE(),$H$2:$H$560,H53)+1)/2,"") | R53: =COUNTIF($L$2:$L$560,"<"&L53)+(COUNTIF($L$2:$L$560,L53)+1)/2 -> 204 | S53: =MATCH(F53,Codetabel!$G$2:$G$12,0)-1 -> 6 | T53: =H53-1 -> 5
A54: B1 | B54: 78 | C54: 152 | D54: 102 | E54: - verwerken anderszins: p.o.> 1000 m² | F54: 300 | G54: 4.2 | H54: 6 | I54: 300 | J54: =TRUE() -> TRUE | K54: 50 | L54: 3 | M54: =TRUE() -> TRUE | N54: =COUNTIF($F$2:$F$560,"<"&F54)+(COUNTIF($F$2:$F$560,F54)+1)/2 -> 515 | O54: =COUNTIF($H$2:$H$560,"<"&H54)+(COUNTIF($H$2:$H$560,H54)+1)/2 -> 422.5 | P54: =IF(J54=FALSE(),COUNTIFS($J$2:$J$560,FALSE(),$F$2:$F$560,"<"&F54)+(COUNTIFS($J$2:$J$560,FALSE(),$F$2:$F$560,F54)+1)/2,"") | Q54: =IF(J54=FALSE(),COUNTIFS($J$2:$J$560,FALSE(),$H$2:$H$560,"<"&H54)+(COUNTIFS($J$2:$J$560,FALSE(),$H$2:$H$560,H54)+1)/2,"") | R54: =COUNTIF($L$2:$L$560,"<"&L54)+(COUNTIF($L$2:$L$560,L54)+1)/2 -> 204 | S54: =MATCH(F54,Codetabel!$G$2:$G$12,0)-1 -> 6 | T54: =H54-1 -> 5
A55: B1 | B55: 79 | C55: 152 | D55: 102 | E55: - verwerken anderszins: p.o. <= 1000 m² | F55: 100 | G55: 3.2 | H55: 4 | I55: 100 | J55: =TRUE() -> TRUE | K55: 50 | L55: 3 | M55: =TRUE() -> TRUE | N55: =COUNTIF($F$2:$F$560,"<"&F55)+(COUNTIF($F$2:$F$560,F55)+1)/2 -> 415.5 | O55: =COUNTIF($H$2:$H$560,"<"&H55)+(COUNTIF($H$2:$H$560,H55)+1)/2 -> 266.5 | P55: =IF(J55=FALSE(),COUNTIFS($J$2:$J$560,FALSE(),$F$2:$F$560,"<"&F55)+(COUNTIFS($J$2:$J$560,FALSE(),$F$2:$F$560,F55)+1)/2,"") | Q55: =IF(J55=FALSE(),COUNTIFS($J$2:$J$560,FALSE(),$H$2:$H$560,"<"&H55)+(COUNTIFS($J$2:$J$560,FALSE(),$H$2:$H$560,H55)+1)/2,"") | R55: =COUNTIF($L$2:$L$560,"<"&L55)+(COUNTIF($L$2:$L$560,L55)+1)/2 -> 204 | S55: =MATCH(F55,Codetabel!$G$2:$G$12,0)-1 -> 4 | T55: =H55-1 -> 3
A56: B1 | B56: 80 | C56: 152 | D56: 102 | E56: - verwerken anderszins: p.o. <= 300 m² | F56: 50 | G56: 3.1 | H56: 3 | I56: 50 | J56: =TRUE() -> TRUE | K56: 30 | L56: 2 | M56: =TRUE() -> TRUE | N56: =COUNTIF($F$2:$F$560,"<"&F56)+(COUNTIF($F$2:$F$560,F56)+1)/2 -> 343.5 | O56: =COUNTIF($H$2:$H$560,"<"&H56)+(COUNTIF($H$2:$H$560,H56)+1)/2 -> 175.5 | P56: =IF(J56=FALSE(),COUNTIFS($J$2:$J$560,FALSE(),$F$2:$F$560,"<"&F56)+(COUNTIFS($J$2:$J$560,FALSE(),$F$2:$F$560,F56)+1)/2,"") | Q56: =IF(J56=FALSE(),COUNTIFS($J$2:$J$560,FALSE(),$H$2:$H$560,"<"&H56)+(COUNTIFS($J$2:$J$560,FALSE(),$H$2:$H$560,H56)+1)/2,"") | R56: =COUNTIF($L$2:$L$560,"<"&L56)+(COUNTIF($L$2:$L$560,L56)+1)/2 -> 101.5 | S56: =MATCH(F56,Codetabel!$G$2:$G$12,0)-1 -> 3 | T56: =H56-1 -> 2
A57: B1 | B57: 82 | C57: 1531 | D57: 1031 | E57: - vervaardiging van aardappelproducten | F57: 300 | G57: 4.2 | H57: 6 | I57: 300 | J57: =TRUE() -> TRUE | K57: 200 | L57: 5 | M57: =TRUE() -> TRUE | N57: =COUNTIF($F$2:$F$560,"<"&F57)+(COUNTIF($F$2:$F$560,F57)+1)/2 -> 515 | O57: =COUNTIF($H$2:$H$560,"<"&H57)+(COUNTIF($H$2:$H$560,H57)+1)/2 -> 422.5 | P57: =IF(J57=FALSE(),COUNTIFS($J$2:$J$560,FALSE(),$F$2:$F$560,"<"&F57)+(COUNTIFS($J$2:$J$560,FALSE(),$F$2:$F$560,F57)+1)/2,"") | Q57: =IF(J57=FALSE(),COUNTIFS($J$2:$J$560,FALSE(),$H$2:$H$560,"<"&H57)+(COUNTIFS($J$2:$J$560,FALSE(),$H$2:$H$560,H57)+1)/2,"") | R57: =COUNTIF($L$2:$L$560,"<"&L57)+(COUNTIF($L$2:$L$560,L57)+1)/2 -> 386.5 | S57: =MATCH(F57,Codetabel!$G$2:$G$12,0)-1 -> 6 | T57: =H57-1 -> 5
A58: B1 | B58: 83 | C58: 1531 | D58: 1031 | E58: - vervaardiging van snacks met p.o. < 2.000 m² | F58: 50 | G58: 3.1 | H58: 3 | I58: 50 | J58: =TRUE() -> TRUE | K58: 50 | L58: 3 | M58: =TRUE() -> TRUE | N58: =COUNTIF($F$2:$F$560,"<"&F58)+(COUNTIF($F$2:$F$560,F58)+1)/2 -> 343.5 | O58: =COUNTIF($H$2:$H$560,"<"&H58)+(COUNTIF($H$2:$H$560,H58)+1)/2 -> 175.5 | P58: =IF(J58=FALSE(),COUNTIFS($J$2:$J$560,FALSE(),$F$2:$F$560,"<"&F58)+(COUNTIFS($J$2:$J$560,FALSE(),$F$2:$F$560,F58)+1)/2,"") | Q58: =IF(J58=FALSE(),COUNTIFS($J$2:$J$560,FALSE(),$H$2:$H$560,"<"&H58)+(COUNTIFS($J$2:$J$560,FALSE(),$H$2:$H$560,H58)+1)/2,"") | R58: =COUNTIF($L$2:$L$560,"<"&L58)+(COUNTIF($L$2:$L$560,L58)+1)/2 -> 204 | S58: =MATCH(F58,Codetabel!$G$2:$G$12,0)-1 -> 3 | T58: =H58-1 -> 2
A59: B1 | B59: 85 | C59: 1532, 1533 | D59: 1032, 1039 | E59: - jam | F59: 50 | G59: 3.2 | H59: 4 | I59: 100 | J59: =FALSE() -> FALSE | K59: 100 | L59: 4 | M59: =TRUE() -> TRUE | N59: =COUNTIF($F$2:$F$560,"<"&F59)+(COUNTIF($F$2:$F$560,F59)+1)/2 -> 343.5 | O59: =COUNTIF($H$2:$H$560,"<"&H59)+(COUNTIF($H$2:$H$560,H59)+1)/2 -> 266.5 | P59: =IF(J59=FALSE(),COUNTIFS($J$2:$J$560,FALSE(),$F$2:$F$560,"<"&F59)+(COUNTIFS($J$2:$J$560,FALSE(),$F$2:$F$560,F59)+1)/2,"") -> 300.5 | Q59: =IF(J59=FALSE(),COUNTIFS($J$2:$J$560,FALSE(),$H$2:$H$560,"<"&H59)+(COUNTIFS($J$2:$J$560,FALSE(),$H$2:$H$560,H59)+1)/2,"") -> 193.5 | R59: =COUNTIF($L$2:$L$560,"<"&L59)+(COUNTIF($L$2:$L$560,L59)+1)/2 -> 305 | S59: =MATCH(F59,Codetabel!$G$2:$G$12,0)-1 -> 3 | T59: =H59-1 -> 3
A60: B1 | B60: 86 | C60: 1532, 1533 | D60: 1032, 1039 | E60: - groente algemeen | F60: 50 | G60: 3.2 | H60: 4 | I60: 100 | J60: =FALSE() -> FALSE | K60: 100 | L60: 4 | M60: =TRUE() -> TRUE | N60: =COUNTIF($F$2:$F$560,"<"&F60)+(COUNTIF($F$2:$F$560,F60)+1)/2 -> 343.5 | O60: =COUNTIF($H$2:$H$560,"<"&H60)+(COUNTIF($H$2:$H$560,H60)+1)/2 -> 266.5 | P60: =IF(J60=FALSE(),COUNTIFS($J$2:$J$560,FALSE(),$F$2:$F$560,"<"&F60)+(COUNTIFS($J$2:$J$560,FALSE(),$F$2:$F$560,F60)+1)/2,"") -> 300.5 | Q60: =IF(J60=FALSE(),COUNTIFS($J$2:$J$560,FALSE(),$H$2:$H$560,"<"&H60)+(COUNTIFS($J$2:$J$560,FALSE(),$H$2:$H$560,H60)+1)/2,"") -> 193.5 | R60: =COUNTIF($L$2:$L$560,"<"&L60)+(COUNTIF($L$2:$L$560,L60)+1)/2 -> 305 | S60: =MATCH(F60,Codetabel!$G$2:$G$12,0)-1 -> 3 | T60: =H60-1 -> 3
A61: B1 | B61: 87 | C61: 1532, 1533 | D61: 1032, 1039 | E61: - met koolsoorten | F61: 100 | G61: 3.2 | H61: 4 | I61: 100 | J61: =TRUE() -> TRUE | K61: 100 | L61: 4 | M61: =TRUE() -> TRUE | N61: =COUNTIF($F$2:$F$560,"<"&F61)+(COUNTIF($F$2:$F$560,F61)+1)/2 -> 415.5 | O61: =COUNTIF($H$2:$H$560,"<"&H61)+(COUNTIF($H$2:$H$560,H61)+1)/2 -> 266.5 | P61: =IF(J61=FALSE(),COUNTIFS($J$2:$J$560,FALSE(),$F$2:$F$560,"<"&F61)+(COUNTIFS($J$2:$J$560,FALSE(),$F$2:$F$560,F61)+1)/2,"") | Q61: =IF(J61=FALSE(),COUNTIFS($J$2:$J$560,FALSE(),$H$2:$H$560,"<"&H61)+(COUNTIFS($J$2:$J$560,FALSE(),$H$2:$H$560,H61)+1)/2,"") | R61: =COUNTIF($L$2:$L$560,"<"&L61)+(COUNTIF($L$2:$L$560,L61)+1)/2 -> 305 | S61: =MATCH(F61,Codetabel!$G$2:$G$12,0)-1 -> 4 | T61: =H61-1 -> 3
A62: B1 | B62: 88 | C62: 1532, 1533 | D62: 1032, 1039 | E62: - met drogerijen | F62: 300 | G62: 4.2 | H62: 6 | I62: 300 | J62: =TRUE() -> TRUE | K62: 200 | L62: 5 | M62: =TRUE() -> TRUE | N62: =COUNTIF($F$2:$F$560,"<"&F62)+(COUNTIF($F$2:$F$560,F62)+1)/2 -> 515 | O62: =COUNTIF($H$2:$H$560,"<"&H62)+(COUNTIF($H$2:$H$560,H62)+1)/2 -> 422.5 | P62: =IF(J62=FALSE(),COUNTIFS($J$2:$J$560,FALSE(),$F$2:$F$560,"<"&F62)+(COUNTIFS($J$2:$J$560,FALSE(),$F$2:$F$560,F62)+1)/2,"") | Q62: =IF(J62=FALSE(),COUNTIFS($J$2:$J$560,FALSE(),$H$2:$H$560,"<"&H62)+(COUNTIFS($J$2:$J$560,FALSE(),$H$2:$H$560,H62)+1)/2,"") | R62: =COUNTIF($L$2:$L$560,"<"&L62)+(COUNTIF($L$2:$L$560,L62)+1)/2 -> 386.5 | S62: =MATCH(F62,Codetabel!$G$2:$G$12,0)-1 -> 6 | T62: =H62-1 -> 5
A63: B1 | B63: 89 | C63: 1532, 1533 | D63: 1032, 1039 | E63: - met uienconservering (zoutinleggerij) | F63: 300 | G63: 4.2 | H63: 6 | I63: 300 | J63: =TRUE() -> TRUE | K63: 100 | L63: 4 | M63: =TRUE() -> TRUE | N63: =COUNTIF($F$2:$F$560,"<"&F63)+(COUNTIF($F$2:$F$560,F63)+1)/2 -> 515 | O63: =COUNTIF($H$2:$H$560,"<"&H63)+(COUNTIF($H$2:$H$560,H63)+1)/2 -> 422.5 | P63: =IF(J63=FALSE(),COUNTIFS($J$2:$J$560,FALSE(),$F$2:$F$560,"<"&F63)+(COUNTIFS($J$2:$J$560,FALSE(),$F$2:$F$560,F63)+1)/2,"") | Q63: =IF(J63=FALSE(),COUNTIFS($J$2:$J$560,FALSE(),$H$2:$H$560,"<"&H63)+(COUNTIFS($J$2:$J$560,FALSE(),$H$2:$H$560,H63)+1)/2,"") | R63: =COUNTIF($L$2:$L$560,"<"&L63)+(COUNTIF($L$2:$L$560,L63)+1)/2 -> 305 | S63: =MATCH(F63,Codetabel!$G$2:$G$12,0)-1 -> 6 | T63: =H63-1 -> 5
A64: B1 | B64: 91 | C64: 1541 | D64: 104101 | E64: - p.c. < 250.000 t/j | F64: 200 | G64: 4.1 | H64: 5 | I64: 200 | J64: =TRUE() -> TRUE | K64: 100 | L64: 4 | M64: =TRUE() -> TRUE | N64: =COUNTIF($F$2:$F$560,"<"&F64)+(COUNTIF($F$2:$F$560,F64)+1)/2 -> 471.5 | O64: =COUNTIF($H$2:$H$560,"<"&H64)+(COUNTIF($H$2:$H$560,H64)+1)/2 -> 348.5 | P64: =IF(J64=FALSE(),COUNTIFS($J$2:$J$560,FALSE(),$F$2:$F$560,"<"&F64)+(COUNTIFS($J$2:$J$560,FALSE(),$F$2:$F$560,F64)+1)/2,"") | Q64: =IF(J64=FALSE(),COUNTIFS($J$2:$J$560,FALSE(),$H$2:$H$560,"<"&H64)+(COUNTIFS($J$2:$J$560,FALSE(),$H$2:$H$560,H64)+1)/2,"") | R64: =COUNTIF($L$2:$L$560,"<"&L64)+(COUNTIF($L$2:$L$560,L64)+1)/2 -> 305 | S64: =MATCH(F64,Codetabel!$G$2:$G$12,0)-1 -> 5 | T64: =H64-1 -> 4
A65: B1 | B65: 92 | C65: 1541 | D65: 104101 | E65: - p.c. >= 250.000 t/j | F65: 300 | G65: 4.2 | H65: 6 | I65: 300 | J65: =TRUE() -> TRUE | K65: 300 | L65: 6 | M65: =TRUE() -> TRUE | N65: =COUNTIF($F$2:$F$560,"<"&F65)+(COUNTIF($F$2:$F$560,F65)+1)/2 -> 515 | O65: =COUNTIF($H$2:$H$560,"<"&H65)+(COUNTIF($H$2:$H$560,H65)+1)/2 -> 422.5 | P65: =IF(J65=FALSE(),COUNTIFS($J$2:$J$560,FALSE(),$F$2:$F$560,"<"&F65)+(COUNTIFS($J$2:$J$560,FALSE(),$F$2:$F$560,F65)+1)/2,"") | Q65: =IF(J65=FALSE(),COUNTIFS($J$2:$J$560,FALSE(),$H$2:$H$560,"<"&H65)+(COUNTIFS($J$2:$J$560,FALSE(),$H$2:$H$560,H65)+1)/2,"") | R65: =COUNTIF($L$2:$L$560,"<"&L65)+(COUNTIF($L$2:$L$560,L65)+1)/2 -> 447.5 | S65: =MATCH(F65,Codetabel!$G$2:$G$12,0)-1 -> 6 | T65: =H65-1 -> 5
A66: B1 | B66: 94 | C66: 1542 | D66: 104102 | E66: - p.c. < 250.000 t/j | F66: 200 | G66: 4.1 | H66: 5 | I66: 200 | J66: =TRUE() -> TRUE | K66: 100 | L66: 4 | M66: =TRUE() -> TRUE | N66: =COUNTIF($F$2:$F$560,"<"&F66)+(COUNTIF($F$2:$F$560,F66)+1)/2 -> 471.5 | O66: =COUNTIF($H$2:$H$560,"<"&H66)+(COUNTIF($H$2:$H$560,H66)+1)/2 -> 348.5 | P66: =IF(J66=FALSE(),COUNTIFS($J$2:$J$560,FALSE(),$F$2:$F$560,"<"&F66)+(COUNTIFS($J$2:$J$560,FALSE(),$F$2:$F$560,F66)+1)/2,"") | Q66: =IF(J66=FALSE(),COUNTIFS($J$2:$J$560,FALSE(),$H$2:$H$560,"<"&H66)+(COUNTIFS($J$2:$J$560,FALSE(),$H$2:$H$560,H66)+1)/2,"") | R66: =COUNTIF($L$2:$L$560,"<"&L66)+(COUNTIF($L$2:$L$560,L66)+1)/2 -> 305 | S66: =MATCH(F66,Codetabel!$G$2:$G$12,0)-1 -> 5 | T66: =H66-1 -> 4
A67: B1 | B67: 95 | C67: 1542 | D67: 104102 | E67: - p.c. >= 250.000 t/j | F67: 300 | G67: 4.2 | H67: 6 | I67: 300 | J67: =TRUE() -> TRUE | K67: 300 | L67: 6 | M67: =TRUE() -> TRUE | N67: =COUNTIF($F$2:$F$560,"<"&F67)+(COUNTIF($F$2:$F$560,F67)+1)/2 -> 515 | O67: =COUNTIF($H$2:$H$560,"<"&H67)+(COUNTIF($H$2:$H$560,H67)+1)/2 -> 422.5 | P67: =IF(J67=FALSE(),COUNTIFS($J$2:$J$560,FALSE(),$F$2:$F$560,"<"&F67)+(COUNTIFS($J$2:$J$560,FALSE(),$F$2:$F$560,F67)+1)/2,"") | Q67: =IF(J67=FALSE(),COUNTIFS($J$2:$J$560,FALSE(),$H$2:$H$560,"<"&H67)+(COUNTIFS($J$2:$J$560,FALSE(),$H$2:$H$560,H67)+1)/2,"") | R67: =COUNTIF($L$2:$L$560,"<"&L67)+(COUNTIF($L$2:$L$560,L67)+1)/2 -> 447.5 | S67: =MATCH(F67,Codetabel!$G$2:$G$12,0)-1 -> 6 | T67: =H67-1 -> 5
A68: B1 | B68: 97 | C68: 1543 | D68: 1042 | E68: - p.c. < 250.000 t/j | F68: 100 | G68: 4.1 | H68: 5 | I68: 200 | J68: =FALSE() -> FALSE | K68: 200 | L68: 5 | M68: =TRUE() -> TRUE | N68: =COUNTIF($F$2:$F$560,"<"&F68)+(COUNTIF($F$2:$F$560,F68)+1)/2 -> 415.5 | O68: =COUNTIF($H$2:$H$560,"<"&H68)+(COUNTIF($H$2:$H$560,H68)+1)/2 -> 348.5 | P68: =IF(J68=FALSE(),COUNTIFS($J$2:$J$560,FALSE(),$F$2:$F$560,"<"&F68)+(COUNTIFS($J$2:$J$560,FALSE(),$F$2:$F$560,F68)+1)/2,"") -> 342.5 | Q68: =IF(J68=FALSE(),COUNTIFS($J$2:$J$560,FALSE(),$H$2:$H$560,"<"&H68)+(COUNTIFS($J$2:$J$560,FALSE(),$H$2:$H$560,H68)+1)/2,"") -> 244 | R68: =COUNTIF($L$2:$L$560,"<"&L68)+(COUNTIF($L$2:$L$560,L68)+1)/2 -> 386.5 | S68: =MATCH(F68,Codetabel!$G$2:$G$12,0)-1 -> 4 | T68: =H68-1 -> 4
A69: B1 | B69: 98 | C69: 1543 | D69: 1042 | E69: - p.c. >= 250.000 t/j | F69: 200 | G69: 4.2 | H69: 6 | I69: 300 | J69: =FALSE() -> FALSE | K69: 300 | L69: 6 | M69: =TRUE() -> TRUE | N69: =COUNTIF($F$2:$F$560,"<"&F69)+(COUNTIF($F$2:$F$560,F69)+1)/2 -> 471.5 | O69: =COUNTIF($H$2:$H$560,"<"&H69)+(COUNTIF($H$2:$H$560,H69)+1)/2 -> 422.5 | P69: =IF(J69=FALSE(),COUNTIFS($J$2:$J$560,FALSE(),$F$2:$F$560,"<"&F69)+(COUNTIFS($J$2:$J$560,FALSE(),$F$2:$F$560,F69)+1)/2,"") -> 367 | Q69: =IF(J69=FALSE(),COUNTIFS($J$2:$J$560,FALSE(),$H$2:$H$560,"<"&H69)+(COUNTIFS($J$2:$J$560,FALSE(),$H$2:$H$560,H69)+1)/2,"") -> 285 | R69: =COUNTIF($L$2:$L$560,"<"&L69)+(COUNTIF($L$2:$L$560,L69)+1)/2 -> 447.5 | S69: =MATCH(F69,Codetabel!$G$2:$G$12,0)-1 -> 5 | T69: =H69-1 -> 5
A70: B1 | B70: 100 | C70: 1551 | D70: 1051 | E70: - gedroogde produkten, p.c. >= 1,5 t/u | F70: 200 | G70: 5.1 | H70: 7 | I70: 500 | J70: =FALSE() -> FALSE | K70: 500 | L70: 7 | M70: =FALSE() -> FALSE | N70: =COUNTIF($F$2:$F$560,"<"&F70)+(COUNTIF($F$2:$F$560,F70)+1)/2 -> 471.5 | O70: =COUNTIF($H$2:$H$560,"<"&H70)+(COUNTIF($H$2:$H$560,H70)+1)/2 -> 486.5 | P70: =IF(J70=FALSE(),COUNTIFS($J$2:$J$560,FALSE(),$F$2:$F$560,"<"&F70)+(COUNTIFS($J$2:$J$560,FALSE(),$F$2:$F$560,F70)+1)/2,"") -> 367 | Q70: =IF(J70=FALSE(),COUNTIFS($J$2:$J$560,FALSE(),$H$2:$H$560,"<"&H70)+(COUNTIFS($J$2:$J$560,FALSE(),$H$2:$H$560,H70)+1)/2,"") -> 325.5 | R70: =COUNTIF($L$2:$L$560,"<"&L70)+(COUNTIF($L$2:$L$560,L70)+1)/2 -> 497.5 | S70: =MATCH(F70,Codetabel!$G$2:$G$12,0)-1 -> 5 | T70: =H70-1 -> 6
A71: B1 | B71: 101 | C71: 1551 | D71: 1051 | E71: - geconcentreerde produkten, verdamp. cap. >=20 t/u | F71: 200 | G71: 5.1 | H71: 7 | I71: 500 | J71: =FALSE() -> FALSE | K71: 500 | L71: 7 | M71: =FALSE() -> FALSE | N71: =COUNTIF($F$2:$F$560,"<"&F71)+(COUNTIF($F$2:$F$560,F71)+1)/2 -> 471.5 | O71: =COUNTIF($H$2:$H$560,"<"&H71)+(COUNTIF($H$2:$H$560,H71)+1)/2 -> 486.5 | P71: =IF(J71=FALSE(),COUNTIFS($J$2:$J$560,FALSE(),$F$2:$F$560,"<"&F71)+(COUNTIFS($J$2:$J$560,FALSE(),$F$2:$F$560,F71)+1)/2,"") -> 367 | Q71: =IF(J71=FALSE(),COUNTIFS($J$2:$J$560,FALSE(),$H$2:$H$560,"<"&H71)+(COUNTIFS($J$2:$J$560,FALSE(),$H$2:$H$560,H71)+1)/2,"") -> 325.5 | R71: =COUNTIF($L$2:$L$560,"<"&L71)+(COUNTIF($L$2:$L$560,L71)+1)/2 -> 497.5 | S71: =MATCH(F71,Codetabel!$G$2:$G$12,0)-1 -> 5 | T71: =H71-1 -> 6
A72: B1 | B72: 102 | C72: 1551 | D72: 1051 | E72: - melkprodukten fabrieken v.c. < 55.000 t/j | F72: 50 | G72: 3.2 | H72: 4 | I72: 100 | J72: =FALSE() -> FALSE | K72: 100 | L72: 4 | M72: =TRUE() -> TRUE | N72: =COUNTIF($F$2:$F$560,"<"&F72)+(COUNTIF($F$2:$F$560,F72)+1)/2 -> 343.5 | O72: =COUNTIF($H$2:$H$560,"<"&H72)+(COUNTIF($H$2:$H$560,H72)+1)/2 -> 266.5 | P72: =IF(J72=FALSE(),COUNTIFS($J$2:$J$560,FALSE(),$F$2:$F$560,"<"&F72)+(COUNTIFS($J$2:$J$560,FALSE(),$F$2:$F$560,F72)+1)/2,"") -> 300.5 | Q72: =IF(J72=FALSE(),COUNTIFS($J$2:$J$560,FALSE(),$H$2:$H$560,"<"&H72)+(COUNTIFS($J$2:$J$560,FALSE(),$H$2:$H$560,H72)+1)/2,"") -> 193.5 | R72: =COUNTIF($L$2:$L$560,"<"&L72)+(COUNTIF($L$2:$L$560,L72)+1)/2 -> 305 | S72: =MATCH(F72,Codetabel!$G$2:$G$12,0)-1 -> 3 | T72: =H72-1 -> 3
A73: B1 | B73: 103 | C73: 1551 | D73: 1051 | E73: - melkprodukten fabrieken v.c. >= 55.000 t/j | F73: 100 | G73: 4.2 | H73: 6 | I73: 300 | J73: =FALSE() -> FALSE | K73: 300 | L73: 6 | M73: =TRUE() -> TRUE | N73: =COUNTIF($F$2:$F$560,"<"&F73)+(COUNTIF($F$2:$F$560,F73)+1)/2 -> 415.5 | O73: =COUNTIF($H$2:$H$560,"<"&H73)+(COUNTIF($H$2:$H$560,H73)+1)/2 -> 422.5 | P73: =IF(J73=FALSE(),COUNTIFS($J$2:$J$560,FALSE(),$F$2:$F$560,"<"&F73)+(COUNTIFS($J$2:$J$560,FALSE(),$F$2:$F$560,F73)+1)/2,"") -> 342.5 | Q73: =IF(J73=FALSE(),COUNTIFS($J$2:$J$560,FALSE(),$H$2:$H$560,"<"&H73)+(COUNTIFS($J$2:$J$560,FALSE(),$H$2:$H$560,H73)+1)/2,"") -> 285 | R73: =COUNTIF($L$2:$L$560,"<"&L73)+(COUNTIF($L$2:$L$560,L73)+1)/2 -> 447.5 | S73: =MATCH(F73,Codetabel!$G$2:$G$12,0)-1 -> 4 | T73: =H73-1 -> 5
A74: B1 | B74: 104 | C74: 1551 | D74: 1051 | E74: - overige zuivelprodukten fabrieken | F74: 50 | G74: 4.2 | H74: 6 | I74: 300 | J74: =FALSE() -> FALSE | K74: 300 | L74: 6 | M74: =TRUE() -> TRUE | N74: =COUNTIF($F$2:$F$560,"<"&F74)+(COUNTIF($F$2:$F$560,F74)+1)/2 -> 343.5 | O74: =COUNTIF($H$2:$H$560,"<"&H74)+(COUNTIF($H$2:$H$560,H74)+1)/2 -> 422.5 | P74: =IF(J74=FALSE(),COUNTIFS($J$2:$J$560,FALSE(),$F$2:$F$560,"<"&F74)+(COUNTIFS($J$2:$J$560,FALSE(),$F$2:$F$560,F74)+1)/2,"") -> 300.5 | Q74: =IF(J74=FALSE(),COUNTIFS($J$2:$J$560,FALSE(),$H$2:$H$560,"<"&H74)+(COUNTIFS($J$2:$J$560,FALSE(),$H$2:$H$560,H74)+1)/2,"") -> 285 | R74: =COUNTIF($L$2:$L$560,"<"&L74)+(COUNTIF($L$2:$L$560,L74)+1)/2 -> 447.5 | S74: =MATCH(F74,Codetabel!$G$2:$G$12,0)-1 -> 3 | T74: =H74-1 -> 5
A75: B1 | B75: 105 | C75: 1552 | D75: 1052 | E75: Consumptie-ijsfabrieken: p.o. > 200 m² | F75: 50 | G75: 3.2 | H75: 4 | I75: 100 | J75: =FALSE() -> FALSE | K75: 100 | L75: 4 | M75: =TRUE() -> TRUE | N75: =COUNTIF($F$2:$F$560,"<"&F75)+(COUNTIF($F$2:$F$560,F75)+1)/2 -> 343.5 | O75: =COUNTIF($H$2:$H$560,"<"&H75)+(COUNTIF($H$2:$H$560,H75)+1)/2 -> 266.5 | P75: =IF(J75=FALSE(),COUNTIFS($J$2:$J$560,FALSE(),$F$2:$F$560,"<"&F75)+(COUNTIFS($J$2:$J$560,FALSE(),$F$2:$F$560,F75)+1)/2,"") -> 300.5 | Q75: =IF(J75=FALSE(),COUNTIFS($J$2:$J$560,FALSE(),$H$2:$H$560,"<"&H75)+(COUNTIFS($J$2:$J$560,FALSE(),$H$2:$H$560,H75)+1)/2,"") -> 193.5 | R75: =COUNTIF($L$2:$L$560,"<"&L75)+(COUNTIF($L$2:$L$560,L75)+1)/2 -> 305 | S75: =MATCH(F75,Codetabel!$G$2:$G$12,0)-1 -> 3 | T75: =H75-1 -> 3
A76: B1 | B76: 106 | C76: 1552 | D76: 1052 | E76: - consumptie-ijsfabrieken: p.o. <= 200 m² | F76: 10 | G76: 2 | H76: 2 | I76: 30 | J76: =FALSE() -> FALSE | K76: 30 | L76: 2 | M76: =TRUE() -> TRUE | N76: =COUNTIF($F$2:$F$560,"<"&F76)+(COUNTIF($F$2:$F$560,F76)+1)/2 -> 164 | O76: =COUNTIF($H$2:$H$560,"<"&H76)+(COUNTIF($H$2:$H$560,H76)+1)/2 -> 89 | P76: =IF(J76=FALSE(),COUNTIFS($J$2:$J$560,FALSE(),$F$2:$F$560,"<"&F76)+(COUNTIFS($J$2:$J$560,FALSE(),$F$2:$F$560,F76)+1)/2,"") -> 161.5 | Q76: =IF(J76=FALSE(),COUNTIFS($J$2:$J$560,FALSE(),$H$2:$H$560,"<"&H76)+(COUNTIFS($J$2:$J$560,FALSE(),$H$2:$H$560,H76)+1)/2,"") -> 71.5 | R76: =COUNTIF($L$2:$L$560,"<"&L76)+(COUNTIF($L$2:$L$560,L76)+1)/2 -> 101.5 | S76: =MATCH(F76,Codetabel!$G$2:$G$12,0)-1 -> 1 | T76: =H76-1 -> 1
A77: B1 | B77: 108 | C77: 1561 | D77: 1061 | E77: - p.c. >= 500 t/u | F77: 200 | G77: 4.2 | H77: 6 | I77: 300 | J77: =FALSE() -> FALSE | K77: 300 | L77: 6 | M77: =TRUE() -> TRUE | N77: =COUNTIF($F$2:$F$560,"<"&F77)+(COUNTIF($F$2:$F$560,F77)+1)/2 -> 471.5 | O77: =COUNTIF($H$2:$H$560,"<"&H77)+(COUNTIF($H$2:$H$560,H77)+1)/2 -> 422.5 | P77: =IF(J77=FALSE(),COUNTIFS($J$2:$J$560,FALSE(),$F$2:$F$560,"<"&F77)+(COUNTIFS($J$2:$J$560,FALSE(),$F$2:$F$560,F77)+1)/2,"") -> 367 | Q77: =IF(J77=FALSE(),COUNTIFS($J$2:$J$560,FALSE(),$H$2:$H$560,"<"&H77)+(COUNTIFS($J$2:$J$560,FALSE(),$H$2:$H$560,H77)+1)/2,"") -> 285 | R77: =COUNTIF($L$2:$L$560,"<"&L77)+(COUNTIF($L$2:$L$560,L77)+1)/2 -> 447.5 | S77: =MATCH(F77,Codetabel!$G$2:$G$12,0)-1 -> 5 | T77: =H77-1 -> 5
A78: B1 | B78: 109 | C78: 1561 | D78: 1061 | E78: - p.c. < 500 t/u | F78: 100 | G78: 4.1 | H78: 5 | I78: 200 | J78: =FALSE() -> FALSE | K78: 200 | L78: 5 | M78: =TRUE() -> TRUE | N78: =COUNTIF($F$2:$F$560,"<"&F78)+(COUNTIF($F$2:$F$560,F78)+1)/2 -> 415.5 | O78: =COUNTIF($H$2:$H$560,"<"&H78)+(COUNTIF($H$2:$H$560,H78)+1)/2 -> 348.5 | P78: =IF(J78=FALSE(),COUNTIFS($J$2:$J$560,FALSE(),$F$2:$F$560,"<"&F78)+(COUNTIFS($J$2:$J$560,FALSE(),$F$2:$F$560,F78)+1)/2,"") -> 342.5 | Q78: =IF(J78=FALSE(),COUNTIFS($J$2:$J$560,FALSE(),$H$2:$H$560,"<"&H78)+(COUNTIFS($J$2:$J$560,FALSE(),$H$2:$H$560,H78)+1)/2,"") -> 244 | R78: =COUNTIF($L$2:$L$560,"<"&L78)+(COUNTIF($L$2:$L$560,L78)+1)/2 -> 386.5 | S78: =MATCH(F78,Codetabel!$G$2:$G$12,0)-1 -> 4 | T78: =H78-1 -> 4
A79: B1 | B79: 110 | C79: 1561 | D79: 1061 | E79: Grutterswarenfabrieken | F79: 50 | G79: 4.1 | H79: 5 | I79: 200 | J79: =FALSE() -> FALSE | K79: 200 | L79: 5 | M79: =TRUE() -> TRUE | N79: =COUNTIF($F$2:$F$560,"<"&F79)+(COUNTIF($F$2:$F$560,F79)+1)/2 -> 343.5 | O79: =COUNTIF($H$2:$H$560,"<"&H79)+(COUNTIF($H$2:$H$560,H79)+1)/2 -> 348.5 | P79: =IF(J79=FALSE(),COUNTIFS($J$2:$J$560,FALSE(),$F$2:$F$560,"<"&F79)+(COUNTIFS($J$2:$J$560,FALSE(),$F$2:$F$560,F79)+1)/2,"") -> 300.5 | Q79: =IF(J79=FALSE(),COUNTIFS($J$2:$J$560,FALSE(),$H$2:$H$560,"<"&H79)+(COUNTIFS($J$2:$J$560,FALSE(),$H$2:$H$560,H79)+1)/2,"") -> 244 | R79: =COUNTIF($L$2:$L$560,"<"&L79)+(COUNTIF($L$2:$L$560,L79)+1)/2 -> 386.5 | S79: =MATCH(F79,Codetabel!$G$2:$G$12,0)-1 -> 3 | T79: =H79-1 -> 4
A80: B1 | B80: 112 | C80: 1562 | D80: 1062 | E80: - p.c. < 10 t/u | F80: 200 | G80: 4.1 | H80: 5 | I80: 200 | J80: =TRUE() -> TRUE | K80: 200 | L80: 5 | M80: =TRUE() -> TRUE | N80: =COUNTIF($F$2:$F$560,"<"&F80)+(COUNTIF($F$2:$F$560,F80)+1)/2 -> 471.5 | O80: =COUNTIF($H$2:$H$560,"<"&H80)+(COUNTIF($H$2:$H$560,H80)+1)/2 -> 348.5 | P80: =IF(J80=FALSE(),COUNTIFS($J$2:$J$560,FALSE(),$F$2:$F$560,"<"&F80)+(COUNTIFS($J$2:$J$560,FALSE(),$F$2:$F$560,F80)+1)/2,"") | Q80: =IF(J80=FALSE(),COUNTIFS($J$2:$J$560,FALSE(),$H$2:$H$560,"<"&H80)+(COUNTIFS($J$2:$J$560,FALSE(),$H$2:$H$560,H80)+1)/2,"") | R80: =COUNTIF($L$2:$L$560,"<"&L80)+(COUNTIF($L$2:$L$560,L80)+1)/2 -> 386.5 | S80: =MATCH(F80,Codetabel!$G$2:$G$12,0)-1 -> 5 | T80: =H80-1 -> 4
A81: B1 | B81: 113 | C81: 1562 | D81: 1062 | E81: - p.c. >= 10 t/u | F81: 300 | G81: 4.2 | H81: 6 | I81: 300 | J81: =TRUE() -> TRUE | K81: 300 | L81: 6 | M81: =TRUE() -> TRUE | N81: =COUNTIF($F$2:$F$560,"<"&F81)+(COUNTIF($F$2:$F$560,F81)+1)/2 -> 515 | O81: =COUNTIF($H$2:$H$560,"<"&H81)+(COUNTIF($H$2:$H$560,H81)+1)/2 -> 422.5 | P81: =IF(J81=FALSE(),COUNTIFS($J$2:$J$560,FALSE(),$F$2:$F$560,"<"&F81)+(COUNTIFS($J$2:$J$560,FALSE(),$F$2:$F$560,F81)+1)/2,"") | Q81: =IF(J81=FALSE(),COUNTIFS($J$2:$J$560,FALSE(),$H$2:$H$560,"<"&H81)+(COUNTIFS($J$2:$J$560,FALSE(),$H$2:$H$560,H81)+1)/2,"") | R81: =COUNTIF($L$2:$L$560,"<"&L81)+(COUNTIF($L$2:$L$560,L81)+1)/2 -> 447.5 | S81: =MATCH(F81,Codetabel!$G$2:$G$12,0)-1 -> 6 | T81: =H81-1 -> 5
A82: B1 | B82: 115 | C82: 1571 | D82: 1091 | E82: - destructiebedrijven | F82: 700 | G82: 5.2 | H82: 8 | I82: 700 | J82: =TRUE() -> TRUE | K82: 200 | L82: 5 | M82: =FALSE() -> FALSE | N82: =COUNTIF($F$2:$F$560,"<"&F82)+(COUNTIF($F$2:$F$560,F82)+1)/2 -> 549.5 | O82: =COUNTIF($H$2:$H$560,"<"&H82)+(COUNTIF($H$2:$H$560,H82)+1)/2 -> 520.5 | P82: =IF(J82=FALSE(),COUNTIFS($J$2:$J$560,FALSE(),$F$2:$F$560,"<"&F82)+(COUNTIFS($J$2:$J$560,FALSE(),$F$2:$F$560,F82)+1)/2,"") | Q82: =IF(J82=FALSE(),COUNTIFS($J$2:$J$560,FALSE(),$H$2:$H$560,"<"&H82)+(COUNTIFS($J$2:$J$560,FALSE(),$H$2:$H$560,H82)+1)/2,"") | R82: =COUNTIF($L$2:$L$560,"<"&L82)+(COUNTIF($L$2:$L$560,L82)+1)/2 -> 386.5 | S82: =MATCH(F82,Codetabel!$G$2:$G$12,0)-1 -> 8 | T82: =H82-1 -> 7
A83: B1 | B83: 116 | C83: 1571 | D83: 1091 | E83: - beender-, veren-, vis-, en vleesmeelfabriek | F83: 700 | G83: 5.2 | H83: 8 | I83: 700 | J83: =TRUE() -> TRUE | K83: 100 | L83: 4 | M83: =FALSE() -> FALSE | N83: =COUNTIF($F$2:$F$560,"<"&F83)+(COUNTIF($F$2:$F$560,F83)+1)/2 -> 549.5 | O83: =COUNTIF($H$2:$H$560,"<"&H83)+(COUNTIF($H$2:$H$560,H83)+1)/2 -> 520.5 | P83: =IF(J83=FALSE(),COUNTIFS($J$2:$J$560,FALSE(),$F$2:$F$560,"<"&F83)+(COUNTIFS($J$2:$J$560,FALSE(),$F$2:$F$560,F83)+1)/2,"") | Q83: =IF(J83=FALSE(),COUNTIFS($J$2:$J$560,FALSE(),$H$2:$H$560,"<"&H83)+(COUNTIFS($J$2:$J$560,FALSE(),$H$2:$H$560,H83)+1)/2,"") | R83: =COUNTIF($L$2:$L$560,"<"&L83)+(COUNTIF($L$2:$L$560,L83)+1)/2 -> 305 | S83: =MATCH(F83,Codetabel!$G$2:$G$12,0)-1 -> 8 | T83: =H83-1 -> 7
A84: B1 | B84: 117 | C84: 1571 | D84: 1091 | E84: - drogerijen (gras, pulp, groenvoeder, veevoeder) cap. < 10 t/u water | F84: 300 | G84: 4.2 | H84: 6 | I84: 300 | J84: =TRUE() -> TRUE | K84: 200 | L84: 5 | M84: =TRUE() -> TRUE | N84: =COUNTIF($F$2:$F$560,"<"&F84)+(COUNTIF($F$2:$F$560,F84)+1)/2 -> 515 | O84: =COUNTIF($H$2:$H$560,"<"&H84)+(COUNTIF($H$2:$H$560,H84)+1)/2 -> 422.5 | P84: =IF(J84=FALSE(),COUNTIFS($J$2:$J$560,FALSE(),$F$2:$F$560,"<"&F84)+(COUNTIFS($J$2:$J$560,FALSE(),$F$2:$F$560,F84)+1)/2,"") | Q84: =IF(J84=FALSE(),COUNTIFS($J$2:$J$560,FALSE(),$H$2:$H$560,"<"&H84)+(COUNTIFS($J$2:$J$560,FALSE(),$H$2:$H$560,H84)+1)/2,"") | R84: =COUNTIF($L$2:$L$560,"<"&L84)+(COUNTIF($L$2:$L$560,L84)+1)/2 -> 386.5 | S84: =MATCH(F84,Codetabel!$G$2:$G$12,0)-1 -> 6 | T84: =H84-1 -> 5
A85: B1 | B85: 118 | C85: 1571 | D85: 1091 | E85: - drogerijen (gras, pulp, groenvoeder, veevoeder) cap. >= 10 t/u water | F85: 700 | G85: 5.2 | H85: 8 | I85: 700 | J85: =TRUE() -> TRUE | K85: 300 | L85: 6 | M85: =FALSE() -> FALSE | N85: =COUNTIF($F$2:$F$560,"<"&F85)+(COUNTIF($F$2:$F$560,F85)+1)/2 -> 549.5 | O85: =COUNTIF($H$2:$H$560,"<"&H85)+(COUNTIF($H$2:$H$560,H85)+1)/2 -> 520.5 | P85: =IF(J85=FALSE(),COUNTIFS($J$2:$J$560,FALSE(),$F$2:$F$560,"<"&F85)+(COUNTIFS($J$2:$J$560,FALSE(),$F$2:$F$560,F85)+1)/2,"") | Q85: =IF(J85=FALSE(),COUNTIFS($J$2:$J$560,FALSE(),$H$2:$H$560,"<"&H85)+(COUNTIFS($J$2:$J$560,FALSE(),$H$2:$H$560,H85)+1)/2,"") | R85: =COUNTIF($L$2:$L$560,"<"&L85)+(COUNTIF($L$2:$L$560,L85)+1)/2 -> 447.5 | S85: =MATCH(F85,Codetabel!$G$2:$G$12,0)-1 -> 8 | T85: =H85-1 -> 7
A86: B1 | B86: 119 | C86: 1571 | D86: 1091 | E86: - mengvoeder, p.c. < 100 t/u | F86: 200 | G86: 4.1 | H86: 5 | I86: 200 | J86: =TRUE() -> TRUE | K86: 200 | L86: 5 | M86: =TRUE() -> TRUE | N86: =COUNTIF($F$2:$F$560,"<"&F86)+(COUNTIF($F$2:$F$560,F86)+1)/2 -> 471.5 | O86: =COUNTIF($H$2:$H$560,"<"&H86)+(COUNTIF($H$2:$H$560,H86)+1)/2 -> 348.5 | P86: =IF(J86=FALSE(),COUNTIFS($J$2:$J$560,FALSE(),$F$2:$F$560,"<"&F86)+(COUNTIFS($J$2:$J$560,FALSE(),$F$2:$F$560,F86)+1)/2,"") | Q86: =IF(J86=FALSE(),COUNTIFS($J$2:$J$560,FALSE(),$H$2:$H$560,"<"&H86)+(COUNTIFS($J$2:$J$560,FALSE(),$H$2:$H$560,H86)+1)/2,"") | R86: =COUNTIF($L$2:$L$560,"<"&L86)+(COUNTIF($L$2:$L$560,L86)+1)/2 -> 386.5 | S86: =MATCH(F86,Codetabel!$G$2:$G$12,0)-1 -> 5 | T86: =H86-1 -> 4
A87: B1 | B87: 120 | C87: 1571 | D87: 1091 | E87: - mengvoeder, p.c. >= 100 t/u | F87: 300 | G87: 4.2 | H87: 6 | I87: 300 | J87: =TRUE() -> TRUE | K87: 300 | L87: 6 | M87: =TRUE() -> TRUE | N87: =COUNTIF($F$2:$F$560,"<"&F87)+(COUNTIF($F$2:$F$560,F87)+1)/2 -> 515 | O87: =COUNTIF($H$2:$H$560,"<"&H87)+(COUNTIF($H$2:$H$560,H87)+1)/2 -> 422.5 | P87: =IF(J87=FALSE(),COUNTIFS($J$2:$J$560,FALSE(),$F$2:$F$560,"<"&F87)+(COUNTIFS($J$2:$J$560,FALSE(),$F$2:$F$560,F87)+1)/2,"") | Q87: =IF(J87=FALSE(),COUNTIFS($J$2:$J$560,FALSE(),$H$2:$H$560,"<"&H87)+(COUNTIFS($J$2:$J$560,FALSE(),$H$2:$H$560,H87)+1)/2,"") | R87: =COUNTIF($L$2:$L$560,"<"&L87)+(COUNTIF($L$2:$L$560,L87)+1)/2 -> 447.5 | S87: =MATCH(F87,Codetabel!$G$2:$G$12,0)-1 -> 6 | T87: =H87-1 -> 5
A88: B1 | B88: 121 | C88: 1572 | D88: 1092 | E88: Vervaardiging van voer voor huisdieren | F88: 200 | G88: 4.1 | H88: 5 | I88: 200 | J88: =TRUE() -> TRUE | K88: 200 | L88: 5 | M88: =TRUE() -> TRUE | N88: =COUNTIF($F$2:$F$560,"<"&F88)+(COUNTIF($F$2:$F$560,F88)+1)/2 -> 471.5 | O88: =COUNTIF($H$2:$H$560,"<"&H88)+(COUNTIF($H$2:$H$560,H88)+1)/2 -> 348.5 | P88: =IF(J88=FALSE(),COUNTIFS($J$2:$J$560,FALSE(),$F$2:$F$560,"<"&F88)+(COUNTIFS($J$2:$J$560,FALSE(),$F$2:$F$560,F88)+1)/2,"") | Q88: =IF(J88=FALSE(),COUNTIFS($J$2:$J$560,FALSE(),$H$2:$H$560,"<"&H88)+(COUNTIFS($J$2:$J$560,FALSE(),$H$2:$H$560,H88)+1)/2,"") | R88: =COUNTIF($L$2:$L$560,"<"&L88)+(COUNTIF($L$2:$L$560,L88)+1)/2 -> 386.5 | S88: =MATCH(F88,Codetabel!$G$2:$G$12,0)-1 -> 5 | T88: =H88-1 -> 4
A89: B1 | B89: 123 | C89: 1581 | D89: 1071 | E89: - v.c. < 7500 kg meel/week, bij gebruik van charge-ovens | F89: 30 | G89: 2 | H89: 2 | I89: 30 | J89: =TRUE() -> TRUE | K89: 30 | L89: 2 | M89: =TRUE() -> TRUE | N89: =COUNTIF($F$2:$F$560,"<"&F89)+(COUNTIF($F$2:$F$560,F89)+1)/2 -> 257.5 | O89: =COUNTIF($H$2:$H$560,"<"&H89)+(COUNTIF($H$2:$H$560,H89)+1)/2 -> 89 | P89: =IF(J89=FALSE(),COUNTIFS($J$2:$J$560,FALSE(),$F$2:$F$560,"<"&F89)+(COUNTIFS($J$2:$J$560,FALSE(),$F$2:$F$560,F89)+1)/2,"") | Q89: =IF(J89=FALSE(),COUNTIFS($J$2:$J$560,FALSE(),$H$2:$H$560,"<"&H89)+(COUNTIFS($J$2:$J$560,FALSE(),$H$2:$H$560,H89)+1)/2,"") | R89: =COUNTIF($L$2:$L$560,"<"&L89)+(COUNTIF($L$2:$L$560,L89)+1)/2 -> 101.5 | S89: =MATCH(F89,Codetabel!$G$2:$G$12,0)-1 -> 2 | T89: =H89-1 -> 1
A90: B1 | B90: 124 | C90: 1581 | D90: 1071 | E90: - v.c. >= 7500 kg meel/week | F90: 100 | G90: 3.2 | H90: 4 | I90: 100 | J90: =TRUE() -> TRUE | K90: 100 | L90: 4 | M90: =TRUE() -> TRUE | N90: =COUNTIF($F$2:$F$560,"<"&F90)+(COUNTIF($F$2:$F$560,F90)+1)/2 -> 415.5 | O90: =COUNTIF($H$2:$H$560,"<"&H90)+(COUNTIF($H$2:$H$560,H90)+1)/2 -> 266.5 | P90: =IF(J90=FALSE(),COUNTIFS($J$2:$J$560,FALSE(),$F$2:$F$560,"<"&F90)+(COUNTIFS($J$2:$J$560,FALSE(),$F$2:$F$560,F90)+1)/2,"") | Q90: =IF(J90=FALSE(),COUNTIFS($J$2:$J$560,FALSE(),$H$2:$H$560,"<"&H90)+(COUNTIFS($J$2:$J$560,FALSE(),$H$2:$H$560,H90)+1)/2,"") | R90: =COUNTIF($L$2:$L$560,"<"&L90)+(COUNTIF($L$2:$L$560,L90)+1)/2 -> 305 | S90: =MATCH(F90,Codetabel!$G$2:$G$12,0)-1 -> 4 | T90: =H90-1 -> 3
A91: B1 | B91: 125 | C91: 1582 | D91: 1072 | E91: Banket, biscuit- en koekfabrieken | F91: 100 | G91: 3.2 | H91: 4 | I91: 100 | J91: =TRUE() -> TRUE | K91: 100 | L91: 4 | M91: =TRUE() -> TRUE | N91: =COUNTIF($F$2:$F$560,"<"&F91)+(COUNTIF($F$2:$F$560,F91)+1)/2 -> 415.5 | O91: =COUNTIF($H$2:$H$560,"<"&H91)+(COUNTIF($H$2:$H$560,H91)+1)/2 -> 266.5 | P91: =IF(J91=FALSE(),COUNTIFS($J$2:$J$560,FALSE(),$F$2:$F$560,"<"&F91)+(COUNTIFS($J$2:$J$560,FALSE(),$F$2:$F$560,F91)+1)/2,"") | Q91: =IF(J91=FALSE(),COUNTIFS($J$2:$J$560,FALSE(),$H$2:$H$560,"<"&H91)+(COUNTIFS($J$2:$J$560,FALSE(),$H$2:$H$560,H91)+1)/2,"") | R91: =COUNTIF($L$2:$L$560,"<"&L91)+(COUNTIF($L$2:$L$560,L91)+1)/2 -> 305 | S91: =MATCH(F91,Codetabel!$G$2:$G$12,0)-1 -> 4 | T91: =H91-1 -> 3
A92: B1 | B92: 127 | C92: 1583 | D92: 1081 | E92: - v.c. < 2.500 t/j | F92: 500 | G92: 5.1 | H92: 7 | I92: 500 | J92: =TRUE() -> TRUE | K92: 300 | L92: 6 | M92: =FALSE() -> FALSE | N92: =COUNTIF($F$2:$F$560,"<"&F92)+(COUNTIF($F$2:$F$560,F92)+1)/2 -> 540.5 | O92: =COUNTIF($H$2:$H$560,"<"&H92)+(COUNTIF($H$2:$H$560,H92)+1)/2 -> 486.5 | P92: =IF(J92=FALSE(),COUNTIFS($J$2:$J$560,FALSE(),$F$2:$F$560,"<"&F92)+(COUNTIFS($J$2:$J$560,FALSE(),$F$2:$F$560,F92)+1)/2,"") | Q92: =IF(J92=FALSE(),COUNTIFS($J$2:$J$560,FALSE(),$H$2:$H$560,"<"&H92)+(COUNTIFS($J$2:$J$560,FALSE(),$H$2:$H$560,H92)+1)/2,"") | R92: =COUNTIF($L$2:$L$560,"<"&L92)+(COUNTIF($L$2:$L$560,L92)+1)/2 -> 447.5 | S92: =MATCH(F92,Codetabel!$G$2:$G$12,0)-1 -> 7 | T92: =H92-1 -> 6
A93: B1 | B93: 128 | C93: 1583 | D93: 1081 | E93: - v.c. >= 2.500 t/j | F93: 1000 | G93: 5.3 | H93: 9 | I93: 1000 | J93: =TRUE() -> TRUE | K93: 700 | L93: 8 | M93: =FALSE() -> FALSE | N93: =COUNTIF($F$2:$F$560,"<"&F93)+(COUNTIF($F$2:$F$560,F93)+1)/2 -> 555 | O93: =COUNTIF($H$2:$H$560,"<"&H93)+(COUNTIF($H$2:$H$560,H93)+1)/2 -> 540 | P93: =IF(J93=FALSE(),COUNTIFS($J$2:$J$560,FALSE(),$F$2:$F$560,"<"&F93)+(COUNTIFS($J$2:$J$560,FALSE(),$F$2:$F$560,F93)+1)/2,"") | Q93: =IF(J93=FALSE(),COUNTIFS($J$2:$J$560,FALSE(),$H$2:$H$560,"<"&H93)+(COUNTIFS($J$2:$J$560,FALSE(),$H$2:$H$560,H93)+1)/2,"") | R93: =COUNTIF($L$2:$L$560,"<"&L93)+(COUNTIF($L$2:$L$560,L93)+1)/2 -> 525 | S93: =MATCH(F93,Codetabel!$G$2:$G$12,0)-1 -> 9 | T93: =H93-1 -> 8
A94: B1 | B94: 130 | C94: 1584 | D94: 10821 | E94: - Cacao- en chocoladefabrieken: p.o. > 2.000 m² | F94: 500 | G94: 5.1 | H94: 7 | I94: 500 | J94: =TRUE() -> TRUE | K94: 100 | L94: 4 | M94: =FALSE() -> FALSE | N94: =COUNTIF($F$2:$F$560,"<"&F94)+(COUNTIF($F$2:$F$560,F94)+1)/2 -> 540.5 | O94: =COUNTIF($H$2:$H$560,"<"&H94)+(COUNTIF($H$2:$H$560,H94)+1)/2 -> 486.5 | P94: =IF(J94=FALSE(),COUNTIFS($J$2:$J$560,FALSE(),$F$2:$F$560,"<"&F94)+(COUNTIFS($J$2:$J$560,FALSE(),$F$2:$F$560,F94)+1)/2,"") | Q94: =IF(J94=FALSE(),COUNTIFS($J$2:$J$560,FALSE(),$H$2:$H$560,"<"&H94)+(COUNTIFS($J$2:$J$560,FALSE(),$H$2:$H$560,H94)+1)/2,"") | R94: =COUNTIF($L$2:$L$560,"<"&L94)+(COUNTIF($L$2:$L$560,L94)+1)/2 -> 305 | S94: =MATCH(F94,Codetabel!$G$2:$G$12,0)-1 -> 7 | T94: =H94-1 -> 6
A95: B1 | B95: 131 | C95: 1584 | D95: 10821 | E95: - cacao- en chocoladefabrieken vervaardigen van chocoladewerken met p.o. < 2.000 m² | F95: 100 | G95: 3.2 | H95: 4 | I95: 100 | J95: =TRUE() -> TRUE | K95: 50 | L95: 3 | M95: =TRUE() -> TRUE | N95: =COUNTIF($F$2:$F$560,"<"&F95)+(COUNTIF($F$2:$F$560,F95)+1)/2 -> 415.5 | O95: =COUNTIF($H$2:$H$560,"<"&H95)+(COUNTIF($H$2:$H$560,H95)+1)/2 -> 266.5 | P95: =IF(J95=FALSE(),COUNTIFS($J$2:$J$560,FALSE(),$F$2:$F$560,"<"&F95)+(COUNTIFS($J$2:$J$560,FALSE(),$F$2:$F$560,F95)+1)/2,"") | Q95: =IF(J95=FALSE(),COUNTIFS($J$2:$J$560,FALSE(),$H$2:$H$560,"<"&H95)+(COUNTIFS($J$2:$J$560,FALSE(),$H$2:$H$560,H95)+1)/2,"") | R95: =COUNTIF($L$2:$L$560,"<"&L95)+(COUNTIF($L$2:$L$560,L95)+1)/2 -> 204 | S95: =MATCH(F95,Codetabel!$G$2:$G$12,0)-1 -> 4 | T95: =H95-1 -> 3
A96: B1 | B96: 132 | C96: 1584 | D96: 10821 | E96: - cacao- en chocoladefabrieken vervaardigen van chocoladewerken met p.o. <= 200 m² | F96: 30 | G96: 2 | H96: 2 | I96: 30 | J96: =TRUE() -> TRUE | K96: 30 | L96: 2 | M96: =FALSE() -> FALSE | N96: =COUNTIF($F$2:$F$560,"<"&F96)+(COUNTIF($F$2:$F$560,F96)+1)/2 -> 257.5 | O96: =COUNTIF($H$2:$H$560,"<"&H96)+(COUNTIF($H$2:$H$560,H96)+1)/2 -> 89 | P96: =IF(J96=FALSE(),COUNTIFS($J$2:$J$560,FALSE(),$F$2:$F$560,"<"&F96)+(COUNTIFS($J$2:$J$560,FALSE(),$F$2:$F$560,F96)+1)/2,"") | Q96: =IF(J96=FALSE(),COUNTIFS($J$2:$J$560,FALSE(),$H$2:$H$560,"<"&H96)+(COUNTIFS($J$2:$J$560,FALSE(),$H$2:$H$560,H96)+1)/2,"") | R96: =COUNTIF($L$2:$L$560,"<"&L96)+(COUNTIF($L$2:$L$560,L96)+1)/2 -> 101.5 | S96: =MATCH(F96,Codetabel!$G$2:$G$12,0)-1 -> 2 | T96: =H96-1 -> 1
A97: B1 | B97: 133 | C97: 1584 | D97: 10821 | E97: - Suikerwerkfabrieken met suiker branden | F97: 300 | G97: 4.2 | H97: 6 | I97: 300 | J97: =TRUE() -> TRUE | K97: 50 | L97: 3 | M97: =TRUE() -> TRUE | N97: =COUNTIF($F$2:$F$560,"<"&F97)+(COUNTIF($F$2:$F$560,F97)+1)/2 -> 515 | O97: =COUNTIF($H$2:$H$560,"<"&H97)+(COUNTIF($H$2:$H$560,H97)+1)/2 -> 422.5 | P97: =IF(J97=FALSE(),COUNTIFS($J$2:$J$560,FALSE(),$F$2:$F$560,"<"&F97)+(COUNTIFS($J$2:$J$560,FALSE(),$F$2:$F$560,F97)+1)/2,"") | Q97: =IF(J97=FALSE(),COUNTIFS($J$2:$J$560,FALSE(),$H$2:$H$560,"<"&H97)+(COUNTIFS($J$2:$J$560,FALSE(),$H$2:$H$560,H97)+1)/2,"") | R97: =COUNTIF($L$2:$L$560,"<"&L97)+(COUNTIF($L$2:$L$560,L97)+1)/2 -> 204 | S97: =MATCH(F97,Codetabel!$G$2:$G$12,0)-1 -> 6 | T97: =H97-1 -> 5
A98: B1 | B98: 134 | C98: 1584 | D98: 10821 | E98: - Suikerwerkfabrieken zonder suiker branden: p.o. > 200 m² | F98: 100 | G98: 3.2 | H98: 4 | I98: 100 | J98: =TRUE() -> TRUE | K98: 50 | L98: 3 | M98: =TRUE() -> TRUE | N98: =COUNTIF($F$2:$F$560,"<"&F98)+(COUNTIF($F$2:$F$560,F98)+1)/2 -> 415.5 | O98: =COUNTIF($H$2:$H$560,"<"&H98)+(COUNTIF($H$2:$H$560,H98)+1)/2 -> 266.5 | P98: =IF(J98=FALSE(),COUNTIFS($J$2:$J$560,FALSE(),$F$2:$F$560,"<"&F98)+(COUNTIFS($J$2:$J$560,FALSE(),$F$2:$F$560,F98)+1)/2,"") | Q98: =IF(J98=FALSE(),COUNTIFS($J$2:$J$560,FALSE(),$H$2:$H$560,"<"&H98)+(COUNTIFS($J$2:$J$560,FALSE(),$H$2:$H$560,H98)+1)/2,"") | R98: =COUNTIF($L$2:$L$560,"<"&L98)+(COUNTIF($L$2:$L$560,L98)+1)/2 -> 204 | S98: =MATCH(F98,Codetabel!$G$2:$G$12,0)-1 -> 4 | T98: =H98-1 -> 3
A99: B1 | B99: 135 | C99: 1584 | D99: 10821 | E99: - suikerwerkfabrieken zonder suiker branden: p.o. <= 200 m² | F99: 30 | G99: 2 | H99: 2 | I99: 30 | J99: =TRUE() -> TRUE | K99: 30 | L99: 2 | M99: =FALSE() -> FALSE | N99: =COUNTIF($F$2:$F$560,"<"&F99)+(COUNTIF($F$2:$F$560,F99)+1)/2 -> 257.5 | O99: =COUNTIF($H$2:$H$560,"<"&H99)+(COUNTIF($H$2:$H$560,H99)+1)/2 -> 89 | P99: =IF(J99=FALSE(),COUNTIFS($J$2:$J$560,FALSE(),$F$2:$F$560,"<"&F99)+(COUNTIFS($J$2:$J$560,FALSE(),$F$2:$F$560,F99)+1)/2,"") | Q99: =IF(J99=FALSE(),COUNTIFS($J$2:$J$560,FALSE(),$H$2:$H$560,"<"&H99)+(COUNTIFS($J$2:$J$560,FALSE(),$H$2:$H$560,H99)+1)/2,"") | R99: =COUNTIF($L$2:$L$560,"<"&L99)+(COUNTIF($L$2:$L$560,L99)+1)/2 -> 101.5 | S99: =MATCH(F99,Codetabel!$G$2:$G$12,0)-1 -> 2 | T99: =H99-1 -> 1
A100: B1 | B100: 136 | C100: 1585 | D100: 1073 | E100: Deegwarenfabrieken | F100: 50 | G100: 3.1 | H100: 3 | I100: 50 | J100: =TRUE() -> TRUE | K100: 30 | L100: 2 | M100: =TRUE() -> TRUE | N100: =COUNTIF($F$2:$F$560,"<"&F100)+(COUNTIF($F$2:$F$560,F100)+1)/2 -> 343.5 | O100: =COUNTIF($H$2:$H$560,"<"&H100)+(COUNTIF($H$2:$H$560,H100)+1)/2 -> 175.5 | P100: =IF(J100=FALSE(),COUNTIFS($J$2:$J$560,FALSE(),$F$2:$F$560,"<"&F100)+(COUNTIFS($J$2:$J$560,FALSE(),$F$2:$F$560,F100)+1)/2,"") | Q100: =IF(J100=FALSE(),COUNTIFS($J$2:$J$560,FALSE(),$H$2:$H$560,"<"&H100)+(COUNTIFS($J$2:$J$560,FALSE(),$H$2:$H$560,H100)+1)/2,"") | R100: =COUNTIF($L$2:$L$560,"<"&L100)+(COUNTIF($L$2:$L$560,L100)+1)/2 -> 101.5 | S100: =MATCH(F100,Codetabel!$G$2:$G$12,0)-1 -> 3 | T100: =H100-1 -> 2
A101: B1 | B101: 138 | C101: 1586 | D101: 1083 | E101: - koffiebranderijen | F101: 500 | G101: 5.1 | H101: 7 | I101: 500 | J101: =TRUE() -> TRUE | K101: 200 | L101: 5 | M101: =FALSE() -> FALSE | N101: =COUNTIF($F$2:$F$560,"<"&F101)+(COUNTIF($F$2:$F$560,F101)+1)/2 -> 540.5 | O101: =COUNTIF($H$2:$H$560,"<"&H101)+(COUNTIF($H$2:$H$560,H101)+1)/2 -> 486.5 | P101: =IF(J101=FALSE(),COUNTIFS($J$2:$J$560,FALSE(),$F$2:$F$560,"<"&F101)+(COUNTIFS($J$2:$J$560,FALSE(),$F$2:$F$560,F101)+1)/2,"") | Q101: =IF(J101=FALSE(),COUNTIFS($J$2:$J$560,FALSE(),$H$2:$H$560,"<"&H101)+(COUNTIFS($J$2:$J$560,FALSE(),$H$2:$H$560,H101)+1)/2,"") | R101: =COUNTIF($L$2:$L$560,"<"&L101)+(COUNTIF($L$2:$L$560,L101)+1)/2 -> 386.5 | S101: =MATCH(F101,Codetabel!$G$2:$G$12,0)-1 -> 7 | T101: =H101-1 -> 6
...

Sheet Data_B2
A1: Source | B1: Source row | C1: SBI (old) | D1: SBI-2008 | E1: Omschrijving | F1: Geur (m) | G1: Categorie | H1: Category rank | I1: Max distance (m) | J1: Geur decisive | K1: Max other distances (m) | L1: Category rank excl. geur | M1: In both B1 and B2 | N1: Midrank geur | O1: Midrank category | P1: Midrank geur (not decisive) | Q1: Midrank category (not decisive) | R1: Midrank category excl. geur | S1: Geur step index (0-10) | T1: Category step index (0-9)
A2: B2 | B2: 5 | C2: 151 | D2: 101, 102 | E2: - slachterijen en pluimveeslachterijen | F2: 100 | G2: 3.2 | H2: 4 | I2: 100 | J2: =TRUE() -> TRUE | K2: 100 | L2: 4 | M2: =TRUE() -> TRUE | N2: =COUNTIF($F$2:$F$316,"<"&F2)+(COUNTIF($F$2:$F$316,F2)+1)/2 -> 222.5 | O2: =COUNTIF($H$2:$H$316,"<"&H2)+(COUNTIF($H$2:$H$316,H2)+1)/2 -> 140 | P2: =IF(J2=FALSE(),COUNTIFS($J$2:$J$316,FALSE(),$F$2:$F$316,"<"&F2)+(COUNTIFS($J$2:$J$316,FALSE(),$F$2:$F$316,F2)+1)/2,"") | Q2: =IF(J2=FALSE(),COUNTIFS($J$2:$J$316,FALSE(),$H$2:$H$316,"<"&H2)+(COUNTIFS($J$2:$J$316,FALSE(),$H$2:$H$316,H2)+1)/2,"") | R2: =COUNTIF($L$2:$L$316,"<"&L2)+(COUNTIF($L$2:$L$316,L2)+1)/2 -> 166 | S2: =MATCH(F2,Codetabel!$G$2:$G$12,0)-1 -> 4 | T2: =H2-1 -> 3
A3: B2 | B3: 6 | C3: 151 | D3: 101 | E3: - bewerkingsinrichting van darmen en vleesafval | F3: 300 | G3: 4.2 | H3: 6 | I3: 300 | J3: =TRUE() -> TRUE | K3: 100 | L3: 4 | M3: =TRUE() -> TRUE | N3: =COUNTIF($F$2:$F$316,"<"&F3)+(COUNTIF($F$2:$F$316,F3)+1)/2 -> 294.5 | O3: =COUNTIF($H$2:$H$316,"<"&H3)+(COUNTIF($H$2:$H$316,H3)+1)/2 -> 271 | P3: =IF(J3=FALSE(),COUNTIFS($J$2:$J$316,FALSE(),$F$2:$F$316,"<"&F3)+(COUNTIFS($J$2:$J$316,FALSE(),$F$2:$F$316,F3)+1)/2,"") | Q3: =IF(J3=FALSE(),COUNTIFS($J$2:$J$316,FALSE(),$H$2:$H$316,"<"&H3)+(COUNTIFS($J$2:$J$316,FALSE(),$H$2:$H$316,H3)+1)/2,"") | R3: =COUNTIF($L$2:$L$316,"<"&L3)+(COUNTIF($L$2:$L$316,L3)+1)/2 -> 166 | S3: =MATCH(F3,Codetabel!$G$2:$G$12,0)-1 -> 6 | T3: =H3-1 -> 5
A4: B2 | B4: 7 | C4: 151 | D4: 101 | E4: - vleeswaren- en vleesconservenfabrieken: p.o. > 1000 m² | F4: 100 | G4: 3.2 | H4: 4 | I4: 100 | J4: =TRUE() -> TRUE | K4: 100 | L4: 4 | M4: =TRUE() -> TRUE | N4: =COUNTIF($F$2:$F$316,"<"&F4)+(COUNTIF($F$2:$F$316,F4)+1)/2 -> 222.5 | O4: =COUNTIF($H$2:$H$316,"<"&H4)+(COUNTIF($H$2:$H$316,H4)+1)/2 -> 140 | P4: =IF(J4=FALSE(),COUNTIFS($J$2:$J$316,FALSE(),$F$2:$F$316,"<"&F4)+(COUNTIFS($J$2:$J$316,FALSE(),$F$2:$F$316,F4)+1)/2,"") | Q4: =IF(J4=FALSE(),COUNTIFS($J$2:$J$316,FALSE(),$H$2:$H$316,"<"&H4)+(COUNTIFS($J$2:$J$316,FALSE(),$H$2:$H$316,H4)+1)/2,"") | R4: =COUNTIF($L$2:$L$316,"<"&L4)+(COUNTIF($L$2:$L$316,L4)+1)/2 -> 166 | S4: =MATCH(F4,Codetabel!$G$2:$G$12,0)-1 -> 4 | T4: =H4-1 -> 3
A5: B2 | B5: 8 | C5: 151 | D5: 101 | E5: - vleeswaren- en vleesconservenfabrieken: p.o. <= 1000 m² | F5: 50 | G5: 3.1 | H5: 3 | I5: 50 | J5: =TRUE() -> TRUE | K5: 50 | L5: 3 | M5: =TRUE() -> TRUE | N5: =COUNTIF($F$2:$F$316,"<"&F5)+(COUNTIF($F$2:$F$316,F5)+1)/2 -> 175.5 | O5: =COUNTIF($H$2:$H$316,"<"&H5)+(COUNTIF($H$2:$H$316,H5)+1)/2 -> 68 | P5: =IF(J5=FALSE(),COUNTIFS($J$2:$J$316,FALSE(),$F$2:$F$316,"<"&F5)+(COUNTIFS($J$2:$J$316,FALSE(),$F$2:$F$316,F5)+1)/2,"") | Q5: =IF(J5=FALSE(),COUNTIFS($J$2:$J$316,FALSE(),$H$2:$H$316,"<"&H5)+(COUNTIFS($J$2:$J$316,FALSE(),$H$2:$H$316,H5)+1)/2,"") | R5: =COUNTIF($L$2:$L$316,"<"&L5)+(COUNTIF($L$2:$L$316,L5)+1)/2 -> 84.5 | S5: =MATCH(F5,Codetabel!$G$2:$G$12,0)-1 -> 3 | T5: =H5-1 -> 2
A6: B2 | B6: 9 | C6: 151 | D6: 101 | E6: - vleeswaren- en vleesconservenfabrieken: p.o. <= 200 m² | F6: 30 | G6: 3.1 | H6: 3 | I6: 50 | J6: =FALSE() -> FALSE | K6: 50 | L6: 3 | M6: =TRUE() -> TRUE | N6: =COUNTIF($F$2:$F$316,"<"&F6)+(COUNTIF($F$2:$F$316,F6)+1)/2 -> 119.5 | O6: =COUNTIF($H$2:$H$316,"<"&H6)+(COUNTIF($H$2:$H$316,H6)+1)/2 -> 68 | P6: =IF(J6=FALSE(),COUNTIFS($J$2:$J$316,FALSE(),$F$2:$F$316,"<"&F6)+(COUNTIFS($J$2:$J$316,FALSE(),$F$2:$F$316,F6)+1)/2,"") -> 115 | Q6: =IF(J6=FALSE(),COUNTIFS($J$2:$J$316,FALSE(),$H$2:$H$316,"<"&H6)+(COUNTIFS($J$2:$J$316,FALSE(),$H$2:$H$316,H6)+1)/2,"") -> 48.5 | R6: =COUNTIF($L$2:$L$316,"<"&L6)+(COUNTIF($L$2:$L$316,L6)+1)/2 -> 84.5 | S6: =MATCH(F6,Codetabel!$G$2:$G$12,0)-1 -> 2 | T6: =H6-1 -> 2
A7: B2 | B7: 10 | C7: 151 | D7: 101, 102 | E7: - loonslachterijen | F7: 50 | G7: 3.1 | H7: 3 | I7: 50 | J7: =TRUE() -> TRUE | K7: 50 | L7: 3 | M7: =TRUE() -> TRUE | N7: =COUNTIF($F$2:$F$316,"<"&F7)+(COUNTIF($F$2:$F$316,F7)+1)/2 -> 175.5 | O7: =COUNTIF($H$2:$H$316,"<"&H7)+(COUNTIF($H$2:$H$316,H7)+1)/2 -> 68 | P7: =IF(J7=FALSE(),COUNTIFS($J$2:$J$316,FALSE(),$F$2:$F$316,"<"&F7)+(COUNTIFS($J$2:$J$316,FALSE(),$F$2:$F$316,F7)+1)/2,"") | Q7: =IF(J7=FALSE(),COUNTIFS($J$2:$J$316,FALSE(),$H$2:$H$316,"<"&H7)+(COUNTIFS($J$2:$J$316,FALSE(),$H$2:$H$316,H7)+1)/2,"") | R7: =COUNTIF($L$2:$L$316,"<"&L7)+(COUNTIF($L$2:$L$316,L7)+1)/2 -> 84.5 | S7: =MATCH(F7,Codetabel!$G$2:$G$12,0)-1 -> 3 | T7: =H7-1 -> 2
A8: B2 | B8: 11 | C8: 151 | D8: 108 | E8: - vervaardiging van snacks en vervaardiging van kant-en-klaar-maaltijden met p.o. < 2.000 m² | F8: 50 | G8: 3.1 | H8: 3 | I8: 50 | J8: =TRUE() -> TRUE | K8: 50 | L8: 3 | M8: =TRUE() -> TRUE | N8: =COUNTIF($F$2:$F$316,"<"&F8)+(COUNTIF($F$2:$F$316,F8)+1)/2 -> 175.5 | O8: =COUNTIF($H$2:$H$316,"<"&H8)+(COUNTIF($H$2:$H$316,H8)+1)/2 -> 68 | P8: =IF(J8=FALSE(),COUNTIFS($J$2:$J$316,FALSE(),$F$2:$F$316,"<"&F8)+(COUNTIFS($J$2:$J$316,FALSE(),$F$2:$F$316,F8)+1)/2,"") | Q8: =IF(J8=FALSE(),COUNTIFS($J$2:$J$316,FALSE(),$H$2:$H$316,"<"&H8)+(COUNTIFS($J$2:$J$316,FALSE(),$H$2:$H$316,H8)+1)/2,"") | R8: =COUNTIF($L$2:$L$316,"<"&L8)+(COUNTIF($L$2:$L$316,L8)+1)/2 -> 84.5 | S8: =MATCH(F8,Codetabel!$G$2:$G$12,0)-1 -> 3 | T8: =H8-1 -> 2
A9: B2 | B9: 13 | C9: 152 | D9: 102 | E9: - conserveren | F9: 200 | G9: 4.1 | H9: 5 | I9: 200 | J9: =TRUE() -> TRUE | K9: 100 | L9: 4 | M9: =TRUE() -> TRUE | N9: =COUNTIF($F$2:$F$316,"<"&F9)+(COUNTIF($F$2:$F$316,F9)+1)/2 -> 259.5 | O9: =COUNTIF($H$2:$H$316,"<"&H9)+(COUNTIF($H$2:$H$316,H9)+1)/2 -> 207 | P9: =IF(J9=FALSE(),COUNTIFS($J$2:$J$316,FALSE(),$F$2:$F$316,"<"&F9)+(COUNTIFS($J$2:$J$316,FALSE(),$F$2:$F$316,F9)+1)/2,"") | Q9: =IF(J9=FALSE(),COUNTIFS($J$2:$J$316,FALSE(),$H$2:$H$316,"<"&H9)+(COUNTIFS($J$2:$J$316,FALSE(),$H$2:$H$316,H9)+1)/2,"") | R9: =COUNTIF($L$2:$L$316,"<"&L9)+(COUNTIF($L$2:$L$316,L9)+1)/2 -> 166 | S9: =MATCH(F9,Codetabel!$G$2:$G$12,0)-1 -> 5 | T9: =H9-1 -> 4
A10: B2 | B10: 14 | C10: 152 | D10: 102 | E10: - roken | F10: 300 | G10: 4.2 | H10: 6 | I10: 300 | J10: =TRUE() -> TRUE | K10: 50 | L10: 3 | M10: =TRUE() -> TRUE | N10: =COUNTIF($F$2:$F$316,"<"&F10)+(COUNTIF($F$2:$F$316,F10)+1)/2 -> 294.5 | O10: =COUNTIF($H$2:$H$316,"<"&H10)+(COUNTIF($H$2:$H$316,H10)+1)/2 -> 271 | P10: =IF(J10=FALSE(),COUNTIFS($J$2:$J$316,FALSE(),$F$2:$F$316,"<"&F10)+(COUNTIFS($J$2:$J$316,FALSE(),$F$2:$F$316,F10)+1)/2,"") | Q10: =IF(J10=FALSE(),COUNTIFS($J$2:$J$316,FALSE(),$H$2:$H$316,"<"&H10)+(COUNTIFS($J$2:$J$316,FALSE(),$H$2:$H$316,H10)+1)/2,"") | R10: =COUNTIF($L$2:$L$316,"<"&L10)+(COUNTIF($L$2:$L$316,L10)+1)/2 -> 84.5 | S10: =MATCH(F10,Codetabel!$G$2:$G$12,0)-1 -> 6 | T10: =H10-1 -> 5
A11: B2 | B11: 15 | C11: 152 | D11: 102 | E11: - verwerken anderszins: p.o.> 1000 m² | F11: 300 | G11: 4.2 | H11: 6 | I11: 300 | J11: =TRUE() -> TRUE | K11: 50 | L11: 3 | M11: =TRUE() -> TRUE | N11: =COUNTIF($F$2:$F$316,"<"&F11)+(COUNTIF($F$2:$F$316,F11)+1)/2 -> 294.5 | O11: =COUNTIF($H$2:$H$316,"<"&H11)+(COUNTIF($H$2:$H$316,H11)+1)/2 -> 271 | P11: =IF(J11=FALSE(),COUNTIFS($J$2:$J$316,FALSE(),$F$2:$F$316,"<"&F11)+(COUNTIFS($J$2:$J$316,FALSE(),$F$2:$F$316,F11)+1)/2,"") | Q11: =IF(J11=FALSE(),COUNTIFS($J$2:$J$316,FALSE(),$H$2:$H$316,"<"&H11)+(COUNTIFS($J$2:$J$316,FALSE(),$H$2:$H$316,H11)+1)/2,"") | R11: =COUNTIF($L$2:$L$316,"<"&L11)+(COUNTIF($L$2:$L$316,L11)+1)/2 -> 84.5 | S11: =MATCH(F11,Codetabel!$G$2:$G$12,0)-1 -> 6 | T11: =H11-1 -> 5
A12: B2 | B12: 16 | C12: 152 | D12: 102 | E12: - verwerken anderszins: p.o. <= 1000 m² | F12: 100 | G12: 3.2 | H12: 4 | I12: 100 | J12: =TRUE() -> TRUE | K12: 50 | L12: 3 | M12: =TRUE() -> TRUE | N12: =COUNTIF($F$2:$F$316,"<"&F12)+(COUNTIF($F$2:$F$316,F12)+1)/2 -> 222.5 | O12: =COUNTIF($H$2:$H$316,"<"&H12)+(COUNTIF($H$2:$H$316,H12)+1)/2 -> 140 | P12: =IF(J12=FALSE(),COUNTIFS($J$2:$J$316,FALSE(),$F$2:$F$316,"<"&F12)+(COUNTIFS($J$2:$J$316,FALSE(),$F$2:$F$316,F12)+1)/2,"") | Q12: =IF(J12=FALSE(),COUNTIFS($J$2:$J$316,FALSE(),$H$2:$H$316,"<"&H12)+(COUNTIFS($J$2:$J$316,FALSE(),$H$2:$H$316,H12)+1)/2,"") | R12: =COUNTIF($L$2:$L$316,"<"&L12)+(COUNTIF($L$2:$L$316,L12)+1)/2 -> 84.5 | S12: =MATCH(F12,Codetabel!$G$2:$G$12,0)-1 -> 4 | T12: =H12-1 -> 3
A13: B2 | B13: 17 | C13: 152 | D13: 102 | E13: - verwerken anderszins: p.o. <= 300 m² | F13: 50 | G13: 3.1 | H13: 3 | I13: 50 | J13: =TRUE() -> TRUE | K13: 30 | L13: 2 | M13: =TRUE() -> TRUE | N13: =COUNTIF($F$2:$F$316,"<"&F13)+(COUNTIF($F$2:$F$316,F13)+1)/2 -> 175.5 | O13: =COUNTIF($H$2:$H$316,"<"&H13)+(COUNTIF($H$2:$H$316,H13)+1)/2 -> 68 | P13: =IF(J13=FALSE(),COUNTIFS($J$2:$J$316,FALSE(),$F$2:$F$316,"<"&F13)+(COUNTIFS($J$2:$J$316,FALSE(),$F$2:$F$316,F13)+1)/2,"") | Q13: =IF(J13=FALSE(),COUNTIFS($J$2:$J$316,FALSE(),$H$2:$H$316,"<"&H13)+(COUNTIFS($J$2:$J$316,FALSE(),$H$2:$H$316,H13)+1)/2,"") | R13: =COUNTIF($L$2:$L$316,"<"&L13)+(COUNTIF($L$2:$L$316,L13)+1)/2 -> 27 | S13: =MATCH(F13,Codetabel!$G$2:$G$12,0)-1 -> 3 | T13: =H13-1 -> 2
A14: B2 | B14: 19 | C14: 1531 | D14: 1031 | E14: - vervaardiging van aardappelproducten | F14: 300 | G14: 4.2 | H14: 6 | I14: 300 | J14: =TRUE() -> TRUE | K14: 200 | L14: 5 | M14: =TRUE() -> TRUE | N14: =COUNTIF($F$2:$F$316,"<"&F14)+(COUNTIF($F$2:$F$316,F14)+1)/2 -> 294.5 | O14: =COUNTIF($H$2:$H$316,"<"&H14)+(COUNTIF($H$2:$H$316,H14)+1)/2 -> 271 | P14: =IF(J14=FALSE(),COUNTIFS($J$2:$J$316,FALSE(),$F$2:$F$316,"<"&F14)+(COUNTIFS($J$2:$J$316,FALSE(),$F$2:$F$316,F14)+1)/2,"") | Q14: =IF(J14=FALSE(),COUNTIFS($J$2:$J$316,FALSE(),$H$2:$H$316,"<"&H14)+(COUNTIFS($J$2:$J$316,FALSE(),$H$2:$H$316,H14)+1)/2,"") | R14: =COUNTIF($L$2:$L$316,"<"&L14)+(COUNTIF($L$2:$L$316,L14)+1)/2 -> 234.5 | S14: =MATCH(F14,Codetabel!$G$2:$G$12,0)-1 -> 6 | T14: =H14-1 -> 5
A15: B2 | B15: 20 | C15: 1531 | D15: 1031 | E15: - vervaardiging van snacks met p.o. < 2.000 m² | F15: 50 | G15: 3.1 | H15: 3 | I15: 50 | J15: =TRUE() -> TRUE | K15: 50 | L15: 3 | M15: =TRUE() -> TRUE | N15: =COUNTIF($F$2:$F$316,"<"&F15)+(COUNTIF($F$2:$F$316,F15)+1)/2 -> 175.5 | O15: =COUNTIF($H$2:$H$316,"<"&H15)+(COUNTIF($H$2:$H$316,H15)+1)/2 -> 68 | P15: =IF(J15=FALSE(),COUNTIFS($J$2:$J$316,FALSE(),$F$2:$F$316,"<"&F15)+(COUNTIFS($J$2:$J$316,FALSE(),$F$2:$F$316,F15)+1)/2,"") | Q15: =IF(J15=FALSE(),COUNTIFS($J$2:$J$316,FALSE(),$H$2:$H$316,"<"&H15)+(COUNTIFS($J$2:$J$316,FALSE(),$H$2:$H$316,H15)+1)/2,"") | R15: =COUNTIF($L$2:$L$316,"<"&L15)+(COUNTIF($L$2:$L$316,L15)+1)/2 -> 84.5 | S15: =MATCH(F15,Codetabel!$G$2:$G$12,0)-1 -> 3 | T15: =H15-1 -> 2
A16: B2 | B16: 22 | C16: 1532, 1533 | D16: 1032, 1039 | E16: - jam | F16: 50 | G16: 3.2 | H16: 4 | I16: 100 | J16: =FALSE() -> FALSE | K16: 100 | L16: 4 | M16: =TRUE() -> TRUE | N16: =COUNTIF($F$2:$F$316,"<"&F16)+(COUNTIF($F$2:$F$316,F16)+1)/2 -> 175.5 | O16: =COUNTIF($H$2:$H$316,"<"&H16)+(COUNTIF($H$2:$H$316,H16)+1)/2 -> 140 | P16: =IF(J16=FALSE(),COUNTIFS($J$2:$J$316,FALSE(),$F$2:$F$316,"<"&F16)+(COUNTIFS($J$2:$J$316,FALSE(),$F$2:$F$316,F16)+1)/2,"") -> 156 | Q16: =IF(J16=FALSE(),COUNTIFS($J$2:$J$316,FALSE(),$H$2:$H$316,"<"&H16)+(COUNTIFS($J$2:$J$316,FALSE(),$H$2:$H$316,H16)+1)/2,"") -> 98 | R16: =COUNTIF($L$2:$L$316,"<"&L16)+(COUNTIF($L$2:$L$316,L16)+1)/2 -> 166 | S16: =MATCH(F16,Codetabel!$G$2:$G$12,0)-1 -> 3 | T16: =H16-1 -> 3
A17: B2 | B17: 23 | C17: 1532, 1533 | D17: 1032, 1039 | E17: - groente algemeen | F17: 50 | G17: 3.2 | H17: 4 | I17: 100 | J17: =FALSE() -> FALSE | K17: 100 | L17: 4 | M17: =TRUE() -> TRUE | N17: =COUNTIF($F$2:$F$316,"<"&F17)+(COUNTIF($F$2:$F$316,F17)+1)/2 -> 175.5 | O17: =COUNTIF($H$2:$H$316,"<"&H17)+(COUNTIF($H$2:$H$316,H17)+1)/2 -> 140 | P17: =IF(J17=FALSE(),COUNTIFS($J$2:$J$316,FALSE(),$F$2:$F$316,"<"&F17)+(COUNTIFS($J$2:$J$316,FALSE(),$F$2:$F$316,F17)+1)/2,"") -> 156 | Q17: =IF(J17=FALSE(),COUNTIFS($J$2:$J$316,FALSE(),$H$2:$H$316,"<"&H17)+(COUNTIFS($J$2:$J$316,FALSE(),$H$2:$H$316,H17)+1)/2,"") -> 98 | R17: =COUNTIF($L$2:$L$316,"<"&L17)+(COUNTIF($L$2:$L$316,L17)+1)/2 -> 166 | S17: =MATCH(F17,Codetabel!$G$2:$G$12,0)-1 -> 3 | T17: =H17-1 -> 3
A18: B2 | B18: 24 | C18: 1532, 1533 | D18: 1032, 1039 | E18: - met koolsoorten | F18: 100 | G18: 3.2 | H18: 4 | I18: 100 | J18: =TRUE() -> TRUE | K18: 100 | L18: 4 | M18: =TRUE() -> TRUE | N18: =COUNTIF($F$2:$F$316,"<"&F18)+(COUNTIF($F$2:$F$316,F18)+1)/2 -> 222.5 | O18: =COUNTIF($H$2:$H$316,"<"&H18)+(COUNTIF($H$2:$H$316,H18)+1)/2 -> 140 | P18: =IF(J18=FALSE(),COUNTIFS($J$2:$J$316,FALSE(),$F$2:$F$316,"<"&F18)+(COUNTIFS($J$2:$J$316,FALSE(),$F$2:$F$316,F18)+1)/2,"") | Q18: =IF(J18=FALSE(),COUNTIFS($J$2:$J$316,FALSE(),$H$2:$H$316,"<"&H18)+(COUNTIFS($J$2:$J$316,FALSE(),$H$2:$H$316,H18)+1)/2,"") | R18: =COUNTIF($L$2:$L$316,"<"&L18)+(COUNTIF($L$2:$L$316,L18)+1)/2 -> 166 | S18: =MATCH(F18,Codetabel!$G$2:$G$12,0)-1 -> 4 | T18: =H18-1 -> 3
A19: B2 | B19: 25 | C19: 1532, 1533 | D19: 1032, 1039 | E19: - met drogerijen | F19: 300 | G19: 4.2 | H19: 6 | I19: 300 | J19: =TRUE() -> TRUE | K19: 200 | L19: 5 | M19: =TRUE() -> TRUE | N19: =COUNTIF($F$2:$F$316,"<"&F19)+(COUNTIF($F$2:$F$316,F19)+1)/2 -> 294.5 | O19: =COUNTIF($H$2:$H$316,"<"&H19)+(COUNTIF($H$2:$H$316,H19)+1)/2 -> 271 | P19: =IF(J19=FALSE(),COUNTIFS($J$2:$J$316,FALSE(),$F$2:$F$316,"<"&F19)+(COUNTIFS($J$2:$J$316,FALSE(),$F$2:$F$316,F19)+1)/2,"") | Q19: =IF(J19=FALSE(),COUNTIFS($J$2:$J$316,FALSE(),$H$2:$H$316,"<"&H19)+(COUNTIFS($J$2:$J$316,FALSE(),$H$2:$H$316,H19)+1)/2,"") | R19: =COUNTIF($L$2:$L$316,"<"&L19)+(COUNTIF($L$2:$L$316,L19)+1)/2 -> 234.5 | S19: =MATCH(F19,Codetabel!$G$2:$G$12,0)-1 -> 6 | T19: =H19-1 -> 5
A20: B2 | B20: 26 | C20: 1532, 1533 | D20: 1032, 1039 | E20: - met uienconservering (zoutinleggerij) | F20: 300 | G20: 4.2 | H20: 6 | I20: 300 | J20: =TRUE() -> TRUE | K20: 100 | L20: 4 | M20: =TRUE() -> TRUE | N20: =COUNTIF($F$2:$F$316,"<"&F20)+(COUNTIF($F$2:$F$316,F20)+1)/2 -> 294.5 | O20: =COUNTIF($H$2:$H$316,"<"&H20)+(COUNTIF($H$2:$H$316,H20)+1)/2 -> 271 | P20: =IF(J20=FALSE(),COUNTIFS($J$2:$J$316,FALSE(),$F$2:$F$316,"<"&F20)+(COUNTIFS($J$2:$J$316,FALSE(),$F$2:$F$316,F20)+1)/2,"") | Q20: =IF(J20=FALSE(),COUNTIFS($J$2:$J$316,FALSE(),$H$2:$H$316,"<"&H20)+(COUNTIFS($J$2:$J$316,FALSE(),$H$2:$H$316,H20)+1)/2,"") | R20: =COUNTIF($L$2:$L$316,"<"&L20)+(COUNTIF($L$2:$L$316,L20)+1)/2 -> 166 | S20: =MATCH(F20,Codetabel!$G$2:$G$12,0)-1 -> 6 | T20: =H20-1 -> 5
A21: B2 | B21: 28 | C21: 1541 | D21: 104101 | E21: - p.c. < 250.000 t/j | F21: 200 | G21: 4.1 | H21: 5 | I21: 200 | J21: =TRUE() -> TRUE | K21: 100 | L21: 4 | M21: =TRUE() -> TRUE | N21: =COUNTIF($F$2:$F$316,"<"&F21)+(COUNTIF($F$2:$F$316,F21)+1)/2 -> 259.5 | O21: =COUNTIF($H$2:$H$316,"<"&H21)+(COUNTIF($H$2:$H$316,H21)+1)/2 -> 207 | P21: =IF(J21=FALSE(),COUNTIFS($J$2:$J$316,FALSE(),$F$2:$F$316,"<"&F21)+(COUNTIFS($J$2:$J$316,FALSE(),$F$2:$F$316,F21)+1)/2,"") | Q21: =IF(J21=FALSE(),COUNTIFS($J$2:$J$316,FALSE(),$H$2:$H$316,"<"&H21)+(COUNTIFS($J$2:$J$316,FALSE(),$H$2:$H$316,H21)+1)/2,"") | R21: =COUNTIF($L$2:$L$316,"<"&L21)+(COUNTIF($L$2:$L$316,L21)+1)/2 -> 166 | S21: =MATCH(F21,Codetabel!$G$2:$G$12,0)-1 -> 5 | T21: =H21-1 -> 4
A22: B2 | B22: 29 | C22: 1541 | D22: 104101 | E22: - p.c. >= 250.000 t/j | F22: 300 | G22: 4.2 | H22: 6 | I22: 300 | J22: =TRUE() -> TRUE | K22: 300 | L22: 6 | M22: =TRUE() -> TRUE | N22: =COUNTIF($F$2:$F$316,"<"&F22)+(COUNTIF($F$2:$F$316,F22)+1)/2 -> 294.5 | O22: =COUNTIF($H$2:$H$316,"<"&H22)+(COUNTIF($H$2:$H$316,H22)+1)/2 -> 271 | P22: =IF(J22=FALSE(),COUNTIFS($J$2:$J$316,FALSE(),$F$2:$F$316,"<"&F22)+(COUNTIFS($J$2:$J$316,FALSE(),$F$2:$F$316,F22)+1)/2,"") | Q22: =IF(J22=FALSE(),COUNTIFS($J$2:$J$316,FALSE(),$H$2:$H$316,"<"&H22)+(COUNTIFS($J$2:$J$316,FALSE(),$H$2:$H$316,H22)+1)/2,"") | R22: =COUNTIF($L$2:$L$316,"<"&L22)+(COUNTIF($L$2:$L$316,L22)+1)/2 -> 283.5 | S22: =MATCH(F22,Codetabel!$G$2:$G$12,0)-1 -> 6 | T22: =H22-1 -> 5
A23: B2 | B23: 31 | C23: 1542 | D23: 104102 | E23: - p.c. < 250.000 t/j | F23: 200 | G23: 4.1 | H23: 5 | I23: 200 | J23: =TRUE() -> TRUE | K23: 100 | L23: 4 | M23: =TRUE() -> TRUE | N23: =COUNTIF($F$2:$F$316,"<"&F23)+(COUNTIF($F$2:$F$316,F23)+1)/2 -> 259.5 | O23: =COUNTIF($H$2:$H$316,"<"&H23)+(COUNTIF($H$2:$H$316,H23)+1)/2 -> 207 | P23: =IF(J23=FALSE(),COUNTIFS($J$2:$J$316,FALSE(),$F$2:$F$316,"<"&F23)+(COUNTIFS($J$2:$J$316,FALSE(),$F$2:$F$316,F23)+1)/2,"") | Q23: =IF(J23=FALSE(),COUNTIFS($J$2:$J$316,FALSE(),$H$2:$H$316,"<"&H23)+(COUNTIFS($J$2:$J$316,FALSE(),$H$2:$H$316,H23)+1)/2,"") | R23: =COUNTIF($L$2:$L$316,"<"&L23)+(COUNTIF($L$2:$L$316,L23)+1)/2 -> 166 | S23: =MATCH(F23,Codetabel!$G$2:$G$12,0)-1 -> 5 | T23: =H23-1 -> 4
A24: B2 | B24: 32 | C24: 1542 | D24: 104102 | E24: - p.c. >= 250.000 t/j | F24: 300 | G24: 4.2 | H24: 6 | I24: 300 | J24: =TRUE() -> TRUE | K24: 300 | L24: 6 | M24: =TRUE() -> TRUE | N24: =COUNTIF($F$2:$F$316,"<"&F24)+(COUNTIF($F$2:$F$316,F24)+1)/2 -> 294.5 | O24: =COUNTIF($H$2:$H$316,"<"&H24)+(COUNTIF($H$2:$H$316,H24)+1)/2 -> 271 | P24: =IF(J24=FALSE(),COUNTIFS($J$2:$J$316,FALSE(),$F$2:$F$316,"<"&F24)+(COUNTIFS($J$2:$J$316,FALSE(),$F$2:$F$316,F24)+1)/2,"") | Q24: =IF(J24=FALSE(),COUNTIFS($J$2:$J$316,FALSE(),$H$2:$H$316,"<"&H24)+(COUNTIFS($J$2:$J$316,FALSE(),$H$2:$H$316,H24)+1)/2,"") | R24: =COUNTIF($L$2:$L$316,"<"&L24)+(COUNTIF($L$2:$L$316,L24)+1)/2 -> 283.5 | S24: =MATCH(F24,Codetabel!$G$2:$G$12,0)-1 -> 6 | T24: =H24-1 -> 5
A25: B2 | B25: 34 | C25: 1543 | D25: 1042 | E25: - p.c. < 250.000 t/j | F25: 100 | G25: 4.1 | H25: 5 | I25: 200 | J25: =FALSE() -> FALSE | K25: 200 | L25: 5 | M25: =TRUE() -> TRUE | N25: =COUNTIF($F$2:$F$316,"<"&F25)+(COUNTIF($F$2:$F$316,F25)+1)/2 -> 222.5 | O25: =COUNTIF($H$2:$H$316,"<"&H25)+(COUNTIF($H$2:$H$316,H25)+1)/2 -> 207 | P25: =IF(J25=FALSE(),COUNTIFS($J$2:$J$316,FALSE(),$F$2:$F$316,"<"&F25)+(COUNTIFS($J$2:$J$316,FALSE(),$F$2:$F$316,F25)+1)/2,"") -> 180.5 | Q25: =IF(J25=FALSE(),COUNTIFS($J$2:$J$316,FALSE(),$H$2:$H$316,"<"&H25)+(COUNTIFS($J$2:$J$316,FALSE(),$H$2:$H$316,H25)+1)/2,"") -> 141 | R25: =COUNTIF($L$2:$L$316,"<"&L25)+(COUNTIF($L$2:$L$316,L25)+1)/2 -> 234.5 | S25: =MATCH(F25,Codetabel!$G$2:$G$12,0)-1 -> 4 | T25: =H25-1 -> 4
A26: B2 | B26: 35 | C26: 1543 | D26: 1042 | E26: - p.c. >= 250.000 t/j | F26: 200 | G26: 4.2 | H26: 6 | I26: 300 | J26: =FALSE() -> FALSE | K26: 300 | L26: 6 | M26: =TRUE() -> TRUE | N26: =COUNTIF($F$2:$F$316,"<"&F26)+(COUNTIF($F$2:$F$316,F26)+1)/2 -> 259.5 | O26: =COUNTIF($H$2:$H$316,"<"&H26)+(COUNTIF($H$2:$H$316,H26)+1)/2 -> 271 | P26: =IF(J26=FALSE(),COUNTIFS($J$2:$J$316,FALSE(),$F$2:$F$316,"<"&F26)+(COUNTIFS($J$2:$J$316,FALSE(),$F$2:$F$316,F26)+1)/2,"") -> 193.5 | Q26: =IF(J26=FALSE(),COUNTIFS($J$2:$J$316,FALSE(),$H$2:$H$316,"<"&H26)+(COUNTIFS($J$2:$J$316,FALSE(),$H$2:$H$316,H26)+1)/2,"") -> 175 | R26: =COUNTIF($L$2:$L$316,"<"&L26)+(COUNTIF($L$2:$L$316,L26)+1)/2 -> 283.5 | S26: =MATCH(F26,Codetabel!$G$2:$G$12,0)-1 -> 5 | T26: =H26-1 -> 5
A27: B2 | B27: 37 | C27: 1551 | D27: 1051 | E27: - melkprodukten fabrieken v.c. < 55.000 t/j | F27: 50 | G27: 3.2 | H27: 4 | I27: 100 | J27: =FALSE() -> FALSE | K27: 100 | L27: 4 | M27: =TRUE() -> TRUE | N27: =COUNTIF($F$2:$F$316,"<"&F27)+(COUNTIF($F$2:$F$316,F27)+1)/2 -> 175.5 | O27: =COUNTIF($H$2:$H$316,"<"&H27)+(COUNTIF($H$2:$H$316,H27)+1)/2 -> 140 | P27: =IF(J27=FALSE(),COUNTIFS($J$2:$J$316,FALSE(),$F$2:$F$316,"<"&F27)+(COUNTIFS($J$2:$J$316,FALSE(),$F$2:$F$316,F27)+1)/2,"") -> 156 | Q27: =IF(J27=FALSE(),COUNTIFS($J$2:$J$316,FALSE(),$H$2:$H$316,"<"&H27)+(COUNTIFS($J$2:$J$316,FALSE(),$H$2:$H$316,H27)+1)/2,"") -> 98 | R27: =COUNTIF($L$2:$L$316,"<"&L27)+(COUNTIF($L$2:$L$316,L27)+1)/2 -> 166 | S27: =MATCH(F27,Codetabel!$G$2:$G$12,0)-1 -> 3 | T27: =H27-1 -> 3
A28: B2 | B28: 38 | C28: 1551 | D28: 1051 | E28: - melkprodukten fabrieken v.c. >= 55.000 t/j | F28: 100 | G28: 4.2 | H28: 6 | I28: 300 | J28: =FALSE() -> FALSE | K28: 300 | L28: 6 | M28: =TRUE() -> TRUE | N28: =COUNTIF($F$2:$F$316,"<"&F28)+(COUNTIF($F$2:$F$316,F28)+1)/2 -> 222.5 | O28: =COUNTIF($H$2:$H$316,"<"&H28)+(COUNTIF($H$2:$H$316,H28)+1)/2 -> 271 | P28: =IF(J28=FALSE(),COUNTIFS($J$2:$J$316,FALSE(),$F$2:$F$316,"<"&F28)+(COUNTIFS($J$2:$J$316,FALSE(),$F$2:$F$316,F28)+1)/2,"") -> 180.5 | Q28: =IF(J28=FALSE(),COUNTIFS($J$2:$J$316,FALSE(),$H$2:$H$316,"<"&H28)+(COUNTIFS($J$2:$J$316,FALSE(),$H$2:$H$316,H28)+1)/2,"") -> 175 | R28: =COUNTIF($L$2:$L$316,"<"&L28)+(COUNTIF($L$2:$L$316,L28)+1)/2 -> 283.5 | S28: =MATCH(F28,Codetabel!$G$2:$G$12,0)-1 -> 4 | T28: =H28-1 -> 5
A29: B2 | B29: 39 | C29: 1551 | D29: 1051 | E29: - overige zuivelprodukten fabrieken | F29: 50 | G29: 4.2 | H29: 6 | I29: 300 | J29: =FALSE() -> FALSE | K29: 300 | L29: 6 | M29: =TRUE() -> TRUE | N29: =COUNTIF($F$2:$F$316,"<"&F29)+(COUNTIF($F$2:$F$316,F29)+1)/2 -> 175.5 | O29: =COUNTIF($H$2:$H$316,"<"&H29)+(COUNTIF($H$2:$H$316,H29)+1)/2 -> 271 | P29: =IF(J29=FALSE(),COUNTIFS($J$2:$J$316,FALSE(),$F$2:$F$316,"<"&F29)+(COUNTIFS($J$2:$J$316,FALSE(),$F$2:$F$316,F29)+1)/2,"") -> 156 | Q29: =IF(J29=FALSE(),COUNTIFS($J$2:$J$316,FALSE(),$H$2:$H$316,"<"&H29)+(COUNTIFS($J$2:$J$316,FALSE(),$H$2:$H$316,H29)+1)/2,"") -> 175 | R29: =COUNTIF($L$2:$L$316,"<"&L29)+(COUNTIF($L$2:$L$316,L29)+1)/2 -> 283.5 | S29: =MATCH(F29,Codetabel!$G$2:$G$12,0)-1 -> 3 | T29: =H29-1 -> 5
A30: B2 | B30: 40 | C30: 1552 | D30: 1052 | E30: Consumptie-ijsfabrieken: p.o. > 200 m² | F30: 50 | G30: 3.2 | H30: 4 | I30: 100 | J30: =FALSE() -> FALSE | K30: 100 | L30: 4 | M30: =TRUE() -> TRUE | N30: =COUNTIF($F$2:$F$316,"<"&F30)+(COUNTIF($F$2:$F$316,F30)+1)/2 -> 175.5 | O30: =COUNTIF($H$2:$H$316,"<"&H30)+(COUNTIF($H$2:$H$316,H30)+1)/2 -> 140 | P30: =IF(J30=FALSE(),COUNTIFS($J$2:$J$316,FALSE(),$F$2:$F$316,"<"&F30)+(COUNTIFS($J$2:$J$316,FALSE(),$F$2:$F$316,F30)+1)/2,"") -> 156 | Q30: =IF(J30=FALSE(),COUNTIFS($J$2:$J$316,FALSE(),$H$2:$H$316,"<"&H30)+(COUNTIFS($J$2:$J$316,FALSE(),$H$2:$H$316,H30)+1)/2,"") -> 98 | R30: =COUNTIF($L$2:$L$316,"<"&L30)+(COUNTIF($L$2:$L$316,L30)+1)/2 -> 166 | S30: =MATCH(F30,Codetabel!$G$2:$G$12,0)-1 -> 3 | T30: =H30-1 -> 3
A31: B2 | B31: 41 | C31: 1552 | D31: 1052 | E31: - consumptie-ijsfabrieken: p.o. <= 200 m² | F31: 10 | G31: 2 | H31: 2 | I31: 30 | J31: =FALSE() -> FALSE | K31: 30 | L31: 2 | M31: =TRUE() -> TRUE | N31: =COUNTIF($F$2:$F$316,"<"&F31)+(COUNTIF($F$2:$F$316,F31)+1)/2 -> 66 | O31: =COUNTIF($H$2:$H$316,"<"&H31)+(COUNTIF($H$2:$H$316,H31)+1)/2 -> 20 | P31: =IF(J31=FALSE(),COUNTIFS($J$2:$J$316,FALSE(),$F$2:$F$316,"<"&F31)+(COUNTIFS($J$2:$J$316,FALSE(),$F$2:$F$316,F31)+1)/2,"") -> 66 | Q31: =IF(J31=FALSE(),COUNTIFS($J$2:$J$316,FALSE(),$H$2:$H$316,"<"&H31)+(COUNTIFS($J$2:$J$316,FALSE(),$H$2:$H$316,H31)+1)/2,"") -> 15.5 | R31: =COUNTIF($L$2:$L$316,"<"&L31)+(COUNTIF($L$2:$L$316,L31)+1)/2 -> 27 | S31: =MATCH(F31,Codetabel!$G$2:$G$12,0)-1 -> 1 | T31: =H31-1 -> 1
A32: B2 | B32: 43 | C32: 1561 | D32: 1061 | E32: - p.c. >= 500 t/u | F32: 200 | G32: 4.2 | H32: 6 | I32: 300 | J32: =FALSE() -> FALSE | K32: 300 | L32: 6 | M32: =TRUE() -> TRUE | N32: =COUNTIF($F$2:$F$316,"<"&F32)+(COUNTIF($F$2:$F$316,F32)+1)/2 -> 259.5 | O32: =COUNTIF($H$2:$H$316,"<"&H32)+(COUNTIF($H$2:$H$316,H32)+1)/2 -> 271 | P32: =IF(J32=FALSE(),COUNTIFS($J$2:$J$316,FALSE(),$F$2:$F$316,"<"&F32)+(COUNTIFS($J$2:$J$316,FALSE(),$F$2:$F$316,F32)+1)/2,"") -> 193.5 | Q32: =IF(J32=FALSE(),COUNTIFS($J$2:$J$316,FALSE(),$H$2:$H$316,"<"&H32)+(COUNTIFS($J$2:$J$316,FALSE(),$H$2:$H$316,H32)+1)/2,"") -> 175 | R32: =COUNTIF($L$2:$L$316,"<"&L32)+(COUNTIF($L$2:$L$316,L32)+1)/2 -> 283.5 | S32: =MATCH(F32,Codetabel!$G$2:$G$12,0)-1 -> 5 | T32: =H32-1 -> 5
A33: B2 | B33: 44 | C33: 1561 | D33: 1061 | E33: - p.c. < 500 t/u | F33: 100 | G33: 4.1 | H33: 5 | I33: 200 | J33: =FALSE() -> FALSE | K33: 200 | L33: 5 | M33: =TRUE() -> TRUE | N33: =COUNTIF($F$2:$F$316,"<"&F33)+(COUNTIF($F$2:$F$316,F33)+1)/2 -> 222.5 | O33: =COUNTIF($H$2:$H$316,"<"&H33)+(COUNTIF($H$2:$H$316,H33)+1)/2 -> 207 | P33: =IF(J33=FALSE(),COUNTIFS($J$2:$J$316,FALSE(),$F$2:$F$316,"<"&F33)+(COUNTIFS($J$2:$J$316,FALSE(),$F$2:$F$316,F33)+1)/2,"") -> 180.5 | Q33: =IF(J33=FALSE(),COUNTIFS($J$2:$J$316,FALSE(),$H$2:$H$316,"<"&H33)+(COUNTIFS($J$2:$J$316,FALSE(),$H$2:$H$316,H33)+1)/2,"") -> 141 | R33: =COUNTIF($L$2:$L$316,"<"&L33)+(COUNTIF($L$2:$L$316,L33)+1)/2 -> 234.5 | S33: =MATCH(F33,Codetabel!$G$2:$G$12,0)-1 -> 4 | T33: =H33-1 -> 4
A34: B2 | B34: 45 | C34: 1561 | D34: 1061 | E34: Grutterswarenfabrieken | F34: 50 | G34: 4.1 | H34: 5 | I34: 200 | J34: =FALSE() -> FALSE | K34: 200 | L34: 5 | M34: =TRUE() -> TRUE | N34: =COUNTIF($F$2:$F$316,"<"&F34)+(COUNTIF($F$2:$F$316,F34)+1)/2 -> 175.5 | O34: =COUNTIF($H$2:$H$316,"<"&H34)+(COUNTIF($H$2:$H$316,H34)+1)/2 -> 207 | P34: =IF(J34=FALSE(),COUNTIFS($J$2:$J$316,FALSE(),$F$2:$F$316,"<"&F34)+(COUNTIFS($J$2:$J$316,FALSE(),$F$2:$F$316,F34)+1)/2,"") -> 156 | Q34: =IF(J34=FALSE(),COUNTIFS($J$2:$J$316,FALSE(),$H$2:$H$316,"<"&H34)+(COUNTIFS($J$2:$J$316,FALSE(),$H$2:$H$316,H34)+1)/2,"") -> 141 | R34: =COUNTIF($L$2:$L$316,"<"&L34)+(COUNTIF($L$2:$L$316,L34)+1)/2 -> 234.5 | S34: =MATCH(F34,Codetabel!$G$2:$G$12,0)-1 -> 3 | T34: =H34-1 -> 4
A35: B2 | B35: 47 | C35: 1562 | D35: 1062 | E35: - p.c. < 10 t/u | F35: 200 | G35: 4.1 | H35: 5 | I35: 200 | J35: =TRUE() -> TRUE | K35: 200 | L35: 5 | M35: =TRUE() -> TRUE | N35: =COUNTIF($F$2:$F$316,"<"&F35)+(COUNTIF($F$2:$F$316,F35)+1)/2 -> 259.5 | O35: =COUNTIF($H$2:$H$316,"<"&H35)+(COUNTIF($H$2:$H$316,H35)+1)/2 -> 207 | P35: =IF(J35=FALSE(),COUNTIFS($J$2:$J$316,FALSE(),$F$2:$F$316,"<"&F35)+(COUNTIFS($J$2:$J$316,FALSE(),$F$2:$F$316,F35)+1)/2,"") | Q35: =IF(J35=FALSE(),COUNTIFS($J$2:$J$316,FALSE(),$H$2:$H$316,"<"&H35)+(COUNTIFS($J$2:$J$316,FALSE(),$H$2:$H$316,H35)+1)/2,"") | R35: =COUNTIF($L$2:$L$316,"<"&L35)+(COUNTIF($L$2:$L$316,L35)+1)/2 -> 234.5 | S35: =MATCH(F35,Codetabel!$G$2:$G$12,0)-1 -> 5 | T35: =H35-1 -> 4
A36: B2 | B36: 48 | C36: 1562 | D36: 1062 | E36: - p.c. >= 10 t/u | F36: 300 | G36: 4.2 | H36: 6 | I36: 300 | J36: =TRUE() -> TRUE | K36: 300 | L36: 6 | M36: =TRUE() -> TRUE | N36: =COUNTIF($F$2:$F$316,"<"&F36)+(COUNTIF($F$2:$F$316,F36)+1)/2 -> 294.5 | O36: =COUNTIF($H$2:$H$316,"<"&H36)+(COUNTIF($H$2:$H$316,H36)+1)/2 -> 271 | P36: =IF(J36=FALSE(),COUNTIFS($J$2:$J$316,FALSE(),$F$2:$F$316,"<"&F36)+(COUNTIFS($J$2:$J$316,FALSE(),$F$2:$F$316,F36)+1)/2,"") | Q36: =IF(J36=FALSE(),COUNTIFS($J$2:$J$316,FALSE(),$H$2:$H$316,"<"&H36)+(COUNTIFS($J$2:$J$316,FALSE(),$H$2:$H$316,H36)+1)/2,"") | R36: =COUNTIF($L$2:$L$316,"<"&L36)+(COUNTIF($L$2:$L$316,L36)+1)/2 -> 283.5 | S36: =MATCH(F36,Codetabel!$G$2:$G$12,0)-1 -> 6 | T36: =H36-1 -> 5
A37: B2 | B37: 50 | C37: 1571 | D37: 1091 | E37: - drogerijen (gras, pulp, groenvoeder, veevoeder) cap. < 10 t/u water | F37: 300 | G37: 4.2 | H37: 6 | I37: 300 | J37: =TRUE() -> TRUE | K37: 200 | L37: 5 | M37: =TRUE() -> TRUE | N37: =COUNTIF($F$2:$F$316,"<"&F37)+(COUNTIF($F$2:$F$316,F37)+1)/2 -> 294.5 | O37: =COUNTIF($H$2:$H$316,"<"&H37)+(COUNTIF($H$2:$H$316,H37)+1)/2 -> 271 | P37: =IF(J37=FALSE(),COUNTIFS($J$2:$J$316,FALSE(),$F$2:$F$316,"<"&F37)+(COUNTIFS($J$2:$J$316,FALSE(),$F$2:$F$316,F37)+1)/2,"") | Q37: =IF(J37=FALSE(),COUNTIFS($J$2:$J$316,FALSE(),$H$2:$H$316,"<"&H37)+(COUNTIFS($J$2:$J$316,FALSE(),$H$2:$H$316,H37)+1)/2,"") | R37: =COUNTIF($L$2:$L$316,"<"&L37)+(COUNTIF($L$2:$L$316,L37)+1)/2 -> 234.5 | S37: =MATCH(F37,Codetabel!$G$2:$G$12,0)-1 -> 6 | T37: =H37-1 -> 5
A38: B2 | B38: 51 | C38: 1571 | D38: 1091 | E38: - mengvoeder, p.c. < 100 t/u | F38: 200 | G38: 4.1 | H38: 5 | I38: 200 | J38: =TRUE() -> TRUE | K38: 200 | L38: 5 | M38: =TRUE() -> TRUE | N38: =COUNTIF($F$2:$F$316,"<"&F38)+(COUNTIF($F$2:$F$316,F38)+1)/2 -> 259.5 | O38: =COUNTIF($H$2:$H$316,"<"&H38)+(COUNTIF($H$2:$H$316,H38)+1)/2 -> 207 | P38: =IF(J38=FALSE(),COUNTIFS($J$2:$J$316,FALSE(),$F$2:$F$316,"<"&F38)+(COUNTIFS($J$2:$J$316,FALSE(),$F$2:$F$316,F38)+1)/2,"") | Q38: =IF(J38=FALSE(),COUNTIFS($J$2:$J$316,FALSE(),$H$2:$H$316,"<"&H38)+(COUNTIFS($J$2:$J$316,FALSE(),$H$2:$H$316,H38)+1)/2,"") | R38: =COUNTIF($L$2:$L$316,"<"&L38)+(COUNTIF($L$2:$L$316,L38)+1)/2 -> 234.5 | S38: =MATCH(F38,Codetabel!$G$2:$G$12,0)-1 -> 5 | T38: =H38-1 -> 4
A39: B2 | B39: 52 | C39: 1571 | D39: 1091 | E39: - mengvoeder, p.c. >= 100 t/u | F39: 300 | G39: 4.2 | H39: 6 | I39: 300 | J39: =TRUE() -> TRUE | K39: 300 | L39: 6 | M39: =TRUE() -> TRUE | N39: =COUNTIF($F$2:$F$316,"<"&F39)+(COUNTIF($F$2:$F$316,F39)+1)/2 -> 294.5 | O39: =COUNTIF($H$2:$H$316,"<"&H39)+(COUNTIF($H$2:$H$316,H39)+1)/2 -> 271 | P39: =IF(J39=FALSE(),COUNTIFS($J$2:$J$316,FALSE(),$F$2:$F$316,"<"&F39)+(COUNTIFS($J$2:$J$316,FALSE(),$F$2:$F$316,F39)+1)/2,"") | Q39: =IF(J39=FALSE(),COUNTIFS($J$2:$J$316,FALSE(),$H$2:$H$316,"<"&H39)+(COUNTIFS($J$2:$J$316,FALSE(),$H$2:$H$316,H39)+1)/2,"") | R39: =COUNTIF($L$2:$L$316,"<"&L39)+(COUNTIF($L$2:$L$316,L39)+1)/2 -> 283.5 | S39: =MATCH(F39,Codetabel!$G$2:$G$12,0)-1 -> 6 | T39: =H39-1 -> 5
A40: B2 | B40: 53 | C40: 1572 | D40: 1092 | E40: Vervaardiging van voer voor huisdieren | F40: 200 | G40: 4.1 | H40: 5 | I40: 200 | J40: =TRUE() -> TRUE | K40: 200 | L40: 5 | M40: =TRUE() -> TRUE | N40: =COUNTIF($F$2:$F$316,"<"&F40)+(COUNTIF($F$2:$F$316,F40)+1)/2 -> 259.5 | O40: =COUNTIF($H$2:$H$316,"<"&H40)+(COUNTIF($H$2:$H$316,H40)+1)/2 -> 207 | P40: =IF(J40=FALSE(),COUNTIFS($J$2:$J$316,FALSE(),$F$2:$F$316,"<"&F40)+(COUNTIFS($J$2:$J$316,FALSE(),$F$2:$F$316,F40)+1)/2,"") | Q40: =IF(J40=FALSE(),COUNTIFS($J$2:$J$316,FALSE(),$H$2:$H$316,"<"&H40)+(COUNTIFS($J$2:$J$316,FALSE(),$H$2:$H$316,H40)+1)/2,"") | R40: =COUNTIF($L$2:$L$316,"<"&L40)+(COUNTIF($L$2:$L$316,L40)+1)/2 -> 234.5 | S40: =MATCH(F40,Codetabel!$G$2:$G$12,0)-1 -> 5 | T40: =H40-1 -> 4
A41: B2 | B41: 55 | C41: 1581 | D41: 1071 | E41: - v.c. < 7500 kg meel/week, bij gebruik van charge-ovens | F41: 30 | G41: 2 | H41: 2 | I41: 30 | J41: =TRUE() -> TRUE | K41: 30 | L41: 2 | M41: =TRUE() -> TRUE | N41: =COUNTIF($F$2:$F$316,"<"&F41)+(COUNTIF($F$2:$F$316,F41)+1)/2 -> 119.5 | O41: =COUNTIF($H$2:$H$316,"<"&H41)+(COUNTIF($H$2:$H$316,H41)+1)/2 -> 20 | P41: =IF(J41=FALSE(),COUNTIFS($J$2:$J$316,FALSE(),$F$2:$F$316,"<"&F41)+(COUNTIFS($J$2:$J$316,FALSE(),$F$2:$F$316,F41)+1)/2,"") | Q41: =IF(J41=FALSE(),COUNTIFS($J$2:$J$316,FALSE(),$H$2:$H$316,"<"&H41)+(COUNTIFS($J$2:$J$316,FALSE(),$H$2:$H$316,H41)+1)/2,"") | R41: =COUNTIF($L$2:$L$316,"<"&L41)+(COUNTIF($L$2:$L$316,L41)+1)/2 -> 27 | S41: =MATCH(F41,Codetabel!$G$2:$G$12,0)-1 -> 2 | T41: =H41-1 -> 1
A42: B2 | B42: 56 | C42: 1581 | D42: 1071 | E42: - v.c. >= 7500 kg meel/week | F42: 100 | G42: 3.2 | H42: 4 | I42: 100 | J42: =TRUE() -> TRUE | K42: 100 | L42: 4 | M42: =TRUE() -> TRUE | N42: =COUNTIF($F$2:$F$316,"<"&F42)+(COUNTIF($F$2:$F$316,F42)+1)/2 -> 222.5 | O42: =COUNTIF($H$2:$H$316,"<"&H42)+(COUNTIF($H$2:$H$316,H42)+1)/2 -> 140 | P42: =IF(J42=FALSE(),COUNTIFS($J$2:$J$316,FALSE(),$F$2:$F$316,"<"&F42)+(COUNTIFS($J$2:$J$316,FALSE(),$F$2:$F$316,F42)+1)/2,"") | Q42: =IF(J42=FALSE(),COUNTIFS($J$2:$J$316,FALSE(),$H$2:$H$316,"<"&H42)+(COUNTIFS($J$2:$J$316,FALSE(),$H$2:$H$316,H42)+1)/2,"") | R42: =COUNTIF($L$2:$L$316,"<"&L42)+(COUNTIF($L$2:$L$316,L42)+1)/2 -> 166 | S42: =MATCH(F42,Codetabel!$G$2:$G$12,0)-1 -> 4 | T42: =H42-1 -> 3
A43: B2 | B43: 57 | C43: 1582 | D43: 1072 | E43: Banket, biscuit- en koekfabrieken | F43: 100 | G43: 3.2 | H43: 4 | I43: 100 | J43: =TRUE() -> TRUE | K43: 100 | L43: 4 | M43: =TRUE() -> TRUE | N43: =COUNTIF($F$2:$F$316,"<"&F43)+(COUNTIF($F$2:$F$316,F43)+1)/2 -> 222.5 | O43: =COUNTIF($H$2:$H$316,"<"&H43)+(COUNTIF($H$2:$H$316,H43)+1)/2 -> 140 | P43: =IF(J43=FALSE(),COUNTIFS($J$2:$J$316,FALSE(),$F$2:$F$316,"<"&F43)+(COUNTIFS($J$2:$J$316,FALSE(),$F$2:$F$316,F43)+1)/2,"") | Q43: =IF(J43=FALSE(),COUNTIFS($J$2:$J$316,FALSE(),$H$2:$H$316,"<"&H43)+(COUNTIFS($J$2:$J$316,FALSE(),$H$2:$H$316,H43)+1)/2,"") | R43: =COUNTIF($L$2:$L$316,"<"&L43)+(COUNTIF($L$2:$L$316,L43)+1)/2 -> 166 | S43: =MATCH(F43,Codetabel!$G$2:$G$12,0)-1 -> 4 | T43: =H43-1 -> 3
A44: B2 | B44: 60 | C44: 1584 | D44: 10821 | E44: - cacao- en chocoladefabrieken vervaardigen van chocoladewerken met p.o. < 2.000 m² | F44: 100 | G44: 3.2 | H44: 4 | I44: 100 | J44: =TRUE() -> TRUE | K44: 50 | L44: 3 | M44: =TRUE() -> TRUE | N44: =COUNTIF($F$2:$F$316,"<"&F44)+(COUNTIF($F$2:$F$316,F44)+1)/2 -> 222.5 | O44: =COUNTIF($H$2:$H$316,"<"&H44)+(COUNTIF($H$2:$H$316,H44)+1)/2 -> 140 | P44: =IF(J44=FALSE(),COUNTIFS($J$2:$J$316,FALSE(),$F$2:$F$316,"<"&F44)+(COUNTIFS($J$2:$J$316,FALSE(),$F$2:$F$316,F44)+1)/2,"") | Q44: =IF(J44=FALSE(),COUNTIFS($J$2:$J$316,FALSE(),$H$2:$H$316,"<"&H44)+(COUNTIFS($J$2:$J$316,FALSE(),$H$2:$H$316,H44)+1)/2,"") | R44: =COUNTIF($L$2:$L$316,"<"&L44)+(COUNTIF($L$2:$L$316,L44)+1)/2 -> 84.5 | S44: =MATCH(F44,Codetabel!$G$2:$G$12,0)-1 -> 4 | T44: =H44-1 -> 3
A45: B2 | B45: 61 | C45: 1584 | D45: 10821 | E45: - Suikerwerkfabrieken met suiker branden | F45: 300 | G45: 4.2 | H45: 6 | I45: 300 | J45: =TRUE() -> TRUE | K45: 50 | L45: 3 | M45: =TRUE() -> TRUE | N45: =COUNTIF($F$2:$F$316,"<"&F45)+(COUNTIF($F$2:$F$316,F45)+1)/2 -> 294.5 | O45: =COUNTIF($H$2:$H$316,"<"&H45)+(COUNTIF($H$2:$H$316,H45)+1)/2 -> 271 | P45: =IF(J45=FALSE(),COUNTIFS($J$2:$J$316,FALSE(),$F$2:$F$316,"<"&F45)+(COUNTIFS($J$2:$J$316,FALSE(),$F$2:$F$316,F45)+1)/2,"") | Q45: =IF(J45=FALSE(),COUNTIFS($J$2:$J$316,FALSE(),$H$2:$H$316,"<"&H45)+(COUNTIFS($J$2:$J$316,FALSE(),$H$2:$H$316,H45)+1)/2,"") | R45: =COUNTIF($L$2:$L$316,"<"&L45)+(COUNTIF($L$2:$L$316,L45)+1)/2 -> 84.5 | S45: =MATCH(F45,Codetabel!$G$2:$G$12,0)-1 -> 6 | T45: =H45-1 -> 5
A46: B2 | B46: 62 | C46: 1584 | D46: 10821 | E46: - Suikerwerkfabrieken zonder suiker branden: p.o. > 200 m² | F46: 100 | G46: 3.2 | H46: 4 | I46: 100 | J46: =TRUE() -> TRUE | K46: 50 | L46: 3 | M46: =TRUE() -> TRUE | N46: =COUNTIF($F$2:$F$316,"<"&F46)+(COUNTIF($F$2:$F$316,F46)+1)/2 -> 222.5 | O46: =COUNTIF($H$2:$H$316,"<"&H46)+(COUNTIF($H$2:$H$316,H46)+1)/2 -> 140 | P46: =IF(J46=FALSE(),COUNTIFS($J$2:$J$316,FALSE(),$F$2:$F$316,"<"&F46)+(COUNTIFS($J$2:$J$316,FALSE(),$F$2:$F$316,F46)+1)/2,"") | Q46: =IF(J46=FALSE(),COUNTIFS($J$2:$J$316,FALSE(),$H$2:$H$316,"<"&H46)+(COUNTIFS($J$2:$J$316,FALSE(),$H$2:$H$316,H46)+1)/2,"") | R46: =COUNTIF($L$2:$L$316,"<"&L46)+(COUNTIF($L$2:$L$316,L46)+1)/2 -> 84.5 | S46: =MATCH(F46,Codetabel!$G$2:$G$12,0)-1 -> 4 | T46: =H46-1 -> 3
... A59: B2 | B59: 78 | C59: 1597 | D59: 1106 | E59: Mouterijen | F59: 300 | G59: 4.2 | H59: 6 | I59: 300 | J59: =TRUE() -> TRUE | K59: 100 | L59: 4 | M59: =TRUE() -> TRUE | N59: =COUNTIF($F$2:$F$316,"<"&F59)+(COUNTIF($F$2:$F$316,F59)+1)/2 -> 294.5 | O59: =COUNTIF($H$2:$H$316,"<"&H59)+(COUNTIF($H$2:$H$316,H59)+1)/2 -> 271 | P59: =IF(J59=FALSE(),COUNTIFS($J$2:$J$316,FALSE(),$F$2:$F$316,"<"&F59)+(COUNTIFS($J$2:$J$316,FALSE(),$F$2:$F$316,F59)+1)/2,"") | Q59: =IF(J59=FALSE(),COUNTIFS($J$2:$J$316,FALSE(),$H$2:$H$316,"<"&H59)+(COUNTIFS($J$2:$J$316,FALSE(),$H$2:$H$316,H59)+1)/2,"") | R59: =COUNTIF($L$2:$L$316,"<"&L59)+(COUNTIF($L$2:$L$316,L59)+1)/2 -> 166 | S59: =MATCH(F59,Codetabel!$G$2:$G$12,0)-1 -> 6 | T59: =H59-1 -> 5
A60: B2 | B60: 79 | C60: 1598 | D60: 1107 | E60: Mineraalwater- en frisdrankfabrieken | F60: 10 | G60: 3.2 | H60: 4 | I60: 100 | J60: =FALSE() -> FALSE | K60: 100 | L60: 4 | M60: =TRUE() -> TRUE | N60: =COUNTIF($F$2:$F$316,"<"&F60)+(COUNTIF($F$2:$F$316,F60)+1)/2 -> 66 | O60: =COUNTIF($H$2:$H$316,"<"&H60)+(COUNTIF($H$2:$H$316,H60)+1)/2 -> 140 | P60: =IF(J60=FALSE(),COUNTIFS($J$2:$J$316,FALSE(),$F$2:$F$316,"<"&F60)+(COUNTIFS($J$2:$J$316,FALSE(),$F$2:$F$316,F60)+1)/2,"") -> 66 | Q60: =IF(J60=FALSE(),COUNTIFS($J$2:$J$316,FALSE(),$H$2:$H$316,"<"&H60)+(COUNTIFS($J$2:$J$316,FALSE(),$H$2:$H$316,H60)+1)/2,"") -> 98 | R60: =COUNTIF($L$2:$L$316,"<"&L60)+(COUNTIF($L$2:$L$316,L60)+1)/2 -> 166 | S60: =MATCH(F60,Codetabel!$G$2:$G$12,0)-1 -> 1 | T60: =H60-1 -> 3
A61: B2 | B61: 82 | C61: 160 | D61: 120 | E61: Tabakverwerkende industrie | F61: 200 | G61: 4.1 | H61: 5 | I61: 200 | J61: =TRUE() -> TRUE | K61: 50 | L61: 3 | M61: =TRUE() -> TRUE | N61: =COUNTIF($F$2:$F$316,"<"&F61)+(COUNTIF($F$2:$F$316,F61)+1)/2 -> 259.5 | O61: =COUNTIF($H$2:$H$316,"<"&H61)+(COUNTIF($H$2:$H$316,H61)+1)/2 -> 207 | P61: =IF(J61=FALSE(),COUNTIFS($J$2:$J$316,FALSE(),$F$2:$F$316,"<"&F61)+(COUNTIFS($J$2:$J$316,FALSE(),$F$2:$F$316,F61)+1)/2,"") | Q61: =IF(J61=FALSE(),COUNTIFS($J$2:$J$316,FALSE(),$H$2:$H$316,"<"&H61)+(COUNTIFS($J$2:$J$316,FALSE(),$H$2:$H$316,H61)+1)/2,"") | R61: =COUNTIF($L$2:$L$316,"<"&L61)+(COUNTIF($L$2:$L$316,L61)+1)/2 -> 84.5 | S61: =MATCH(F61,Codetabel!$G$2:$G$12,0)-1 -> 5 | T61: =H61-1 -> 4
A62: B2 | B62: 85 | C62: 171 | D62: 131 | E62: Bewerken en spinnen van textielvezels | F62: 10 | G62: 3.2 | H62: 4 | I62: 100 | J62: =FALSE() -> FALSE | K62: 100 | L62: 4 | M62: =TRUE() -> TRUE | N62: =COUNTIF($F$2:$F$316,"<"&F62)+(COUNTIF($F$2:$F$316,F62)+1)/2 -> 66 | O62: =COUNTIF($H$2:$H$316,"<"&H62)+(COUNTIF($H$2:$H$316,H62)+1)/2 -> 140 | P62: =IF(J62=FALSE(),COUNTIFS($J$2:$J$316,FALSE(),$F$2:$F$316,"<"&F62)+(COUNTIFS($J$2:$J$316,FALSE(),$F$2:$F$316,F62)+1)/2,"") -> 66 | Q62: =IF(J62=FALSE(),COUNTIFS($J$2:$J$316,FALSE(),$H$2:$H$316,"<"&H62)+(COUNTIFS($J$2:$J$316,FALSE(),$H$2:$H$316,H62)+1)/2,"") -> 98 | R62: =COUNTIF($L$2:$L$316,"<"&L62)+(COUNTIF($L$2:$L$316,L62)+1)/2 -> 166 | S62: =MATCH(F62,Codetabel!$G$2:$G$12,0)-1 -> 1 | T62: =H62-1 -> 3
A63: B2 | B63: 87 | C63: 172 | D63: 132 | E63: - aantal weefgetouwen < 50 | F63: 10 | G63: 3.2 | H63: 4 | I63: 100 | J63: =FALSE() -> FALSE | K63: 100 | L63: 4 | M63: =TRUE() -> TRUE | N63: =COUNTIF($F$2:$F$316,"<"&F63)+(COUNTIF($F$2:$F$316,F63)+1)/2 -> 66 | O63: =COUNTIF($H$2:$H$316,"<"&H63)+(COUNTIF($H$2:$H$316,H63)+1)/2 -> 140 | P63: =IF(J63=FALSE(),COUNTIFS($J$2:$J$316,FALSE(),$F$2:$F$316,"<"&F63)+(COUNTIFS($J$2:$J$316,FALSE(),$F$2:$F$316,F63)+1)/2,"") -> 66 | Q63: =IF(J63=FALSE(),COUNTIFS($J$2:$J$316,FALSE(),$H$2:$H$316,"<"&H63)+(COUNTIFS($J$2:$J$316,FALSE(),$H$2:$H$316,H63)+1)/2,"") -> 98 | R63: =COUNTIF($L$2:$L$316,"<"&L63)+(COUNTIF($L$2:$L$316,L63)+1)/2 -> 166 | S63: =MATCH(F63,Codetabel!$G$2:$G$12,0)-1 -> 1 | T63: =H63-1 -> 3
A64: B2 | B64: 88 | C64: 172 | D64: 132 | E64: - aantal weefgetouwen >= 50 | F64: 10 | G64: 4.2 | H64: 6 | I64: 300 | J64: =FALSE() -> FALSE | K64: 300 | L64: 6 | M64: =TRUE() -> TRUE | N64: =COUNTIF($F$2:$F$316,"<"&F64)+(COUNTIF($F$2:$F$316,F64)+1)/2 -> 66 | O64: =COUNTIF($H$2:$H$316,"<"&H64)+(COUNTIF($H$2:$H$316,H64)+1)/2 -> 271 | P64: =IF(J64=FALSE(),COUNTIFS($J$2:$J$316,FALSE(),$F$2:$F$316,"<"&F64)+(COUNTIFS($J$2:$J$316,FALSE(),$F$2:$F$316,F64)+1)/2,"") -> 66 | Q64: =IF(J64=FALSE(),COUNTIFS($J$2:$J$316,FALSE(),$H$2:$H$316,"<"&H64)+(COUNTIFS($J$2:$J$316,FALSE(),$H$2:$H$316,H64)+1)/2,"") -> 175 | R64: =COUNTIF($L$2:$L$316,"<"&L64)+(COUNTIF($L$2:$L$316,L64)+1)/2 -> 283.5 | S64: =MATCH(F64,Codetabel!$G$2:$G$12,0)-1 -> 1 | T64: =H64-1 -> 5
A65: B2 | B65: 89 | C65: 173 | D65: 133 | E65: Textielveredelingsbedrijven | F65: 50 | G65: 3.1 | H65: 3 | I65: 50 | J65: =TRUE() -> TRUE | K65: 50 | L65: 3 | M65: =TRUE() -> TRUE | N65: =COUNTIF($F$2:$F$316,"<"&F65)+(COUNTIF($F$2:$F$316,F65)+1)/2 -> 175.5 | O65: =COUNTIF($H$2:$H$316,"<"&H65)+(COUNTIF($H$2:$H$316,H65)+1)/2 -> 68 | P65: =IF(J65=FALSE(),COUNTIFS($J$2:$J$316,FALSE(),$F$2:$F$316,"<"&F65)+(COUNTIFS($J$2:$J$316,FALSE(),$F$2:$F$316,F65)+1)/2,"") | Q65: =IF(J65=FALSE(),COUNTIFS($J$2:$J$316,FALSE(),$H$2:$H$316,"<"&H65)+(COUNTIFS($J$2:$J$316,FALSE(),$H$2:$H$316,H65)+1)/2,"") | R65: =COUNTIF($L$2:$L$316,"<"&L65)+(COUNTIF($L$2:$L$316,L65)+1)/2 -> 84.5 | S65: =MATCH(F65,Codetabel!$G$2:$G$12,0)-1 -> 3 | T65: =H65-1 -> 2
A66: B2 | B66: 90 | C66: 174, 175 | D66: 139 | E66: Vervaardiging van textielwaren | F66: 10 | G66: 3.1 | H66: 3 | I66: 50 | J66: =FALSE() -> FALSE | K66: 50 | L66: 3 | M66: =TRUE() -> TRUE | N66: =COUNTIF($F$2:$F$316,"<"&F66)+(COUNTIF($F$2:$F$316,F66)+1)/2 -> 66 | O66: =COUNTIF($H$2:$H$316,"<"&H66)+(COUNTIF($H$2:$H$316,H66)+1)/2 -> 68 | P66: =IF(J66=FALSE(),COUNTIFS($J$2:$J$316,FALSE(),$F$2:$F$316,"<"&F66)+(COUNTIFS($J$2:$J$316,FALSE(),$F$2:$F$316,F66)+1)/2,"") -> 66 | Q66: =IF(J66=FALSE(),COUNTIFS($J$2:$J$316,FALSE(),$H$2:$H$316,"<"&H66)+(COUNTIFS($J$2:$J$316,FALSE(),$H$2:$H$316,H66)+1)/2,"") -> 48.5 | R66: =COUNTIF($L$2:$L$316,"<"&L66)+(COUNTIF($L$2:$L$316,L66)+1)/2 -> 84.5 | S66: =MATCH(F66,Codetabel!$G$2:$G$12,0)-1 -> 1 | T66: =H66-1 -> 2
A67: B2 | B67: 91 | C67: 1751 | D67: 1393 | E67: Tapijt-, kokos- en vloermattenfabrieken | F67: 100 | G67: 4.1 | H67: 5 | I67: 200 | J67: =FALSE() -> FALSE | K67: 200 | L67: 5 | M67: =TRUE() -> TRUE | N67: =COUNTIF($F$2:$F$316,"<"&F67)+(COUNTIF($F$2:$F$316,F67)+1)/2 -> 222.5 | O67: =COUNTIF($H$2:$H$316,"<"&H67)+(COUNTIF($H$2:$H$316,H67)+1)/2 -> 207 | P67: =IF(J67=FALSE(),COUNTIFS($J$2:$J$316,FALSE(),$F$2:$F$316,"<"&F67)+(COUNTIFS($J$2:$J$316,FALSE(),$F$2:$F$316,F67)+1)/2,"") -> 180.5 | Q67: =IF(J67=FALSE(),COUNTIFS($J$2:$J$316,FALSE(),$H$2:$H$316,"<"&H67)+(COUNTIFS($J$2:$J$316,FALSE(),$H$2:$H$316,H67)+1)/2,"") -> 141 | R67: =COUNTIF($L$2:$L$316,"<"&L67)+(COUNTIF($L$2:$L$316,L67)+1)/2 -> 234.5 | S67: =MATCH(F67,Codetabel!$G$2:$G$12,0)-1 -> 4 | T67: =H67-1 -> 4
A68: B2 | B68: 92 | C68: 176, 177 | D68: 139, 143 | E68: Vervaardiging van gebreide en gehaakte stoffen en artikelen | F68: 0 | G68: 3.1 | H68: 3 | I68: 50 | J68: =FALSE() -> FALSE | K68: 50 | L68: 3 | M68: =TRUE() -> TRUE | N68: =COUNTIF($F$2:$F$316,"<"&F68)+(COUNTIF($F$2:$F$316,F68)+1)/2 -> 21 | O68: =COUNTIF($H$2:$H$316,"<"&H68)+(COUNTIF($H$2:$H$316,H68)+1)/2 -> 68 | P68: =IF(J68=FALSE(),COUNTIFS($J$2:$J$316,FALSE(),$F$2:$F$316,"<"&F68)+(COUNTIFS($J$2:$J$316,FALSE(),$F$2:$F$316,F68)+1)/2,"") -> 21 | Q68: =IF(J68=FALSE(),COUNTIFS($J$2:$J$316,FALSE(),$H$2:$H$316,"<"&H68)+(COUNTIFS($J$2:$J$316,FALSE(),$H$2:$H$316,H68)+1)/2,"") -> 48.5 | R68: =COUNTIF($L$2:$L$316,"<"&L68)+(COUNTIF($L$2:$L$316,L68)+1)/2 -> 84.5 | S68: =MATCH(F68,Codetabel!$G$2:$G$12,0)-1 -> 0 | T68: =H68-1 -> 2
A69: B2 | B69: 95 | C69: 181 | D69: 141 | E69: Vervaardiging kleding van leer | F69: 30 | G69: 3.1 | H69: 3 | I69: 50 | J69: =FALSE() -> FALSE | K69: 50 | L69: 3 | M69: =TRUE() -> TRUE | N69: =COUNTIF($F$2:$F$316,"<"&F69)+(COUNTIF($F$2:$F$316,F69)+1)/2 -> 119.5 | O69: =COUNTIF($H$2:$H$316,"<"&H69)+(COUNTIF($H$2:$H$316,H69)+1)/2 -> 68 | P69: =IF(J69=FALSE(),COUNTIFS($J$2:$J$316,FALSE(),$F$2:$F$316,"<"&F69)+(COUNTIFS($J$2:$J$316,FALSE(),$F$2:$F$316,F69)+1)/2,"") -> 115 | Q69: =IF(J69=FALSE(),COUNTIFS($J$2:$J$316,FALSE(),$H$2:$H$316,"<"&H69)+(COUNTIFS($J$2:$J$316,FALSE(),$H$2:$H$316,H69)+1)/2,"") -> 48.5 | R69: =COUNTIF($L$2:$L$316,"<"&L69)+(COUNTIF($L$2:$L$316,L69)+1)/2 -> 84.5 | S69: =MATCH(F69,Codetabel!$G$2:$G$12,0)-1 -> 2 | T69: =H69-1 -> 2
A70: B2 | B70: 96 | C70: 183 | D70: 142, 151 | E70: Bereiden en verven van bont; vervaardiging van artikelen van bont | F70: 50 | G70: 3.1 | H70: 3 | I70: 50 | J70: =TRUE() -> TRUE | K70: 10 | L70: 1 | M70: =TRUE() -> TRUE | N70: =COUNTIF($F$2:$F$316,"<"&F70)+(COUNTIF($F$2:$F$316,F70)+1)/2 -> 175.5 | O70: =COUNTIF($H$2:$H$316,"<"&H70)+(COUNTIF($H$2:$H$316,H70)+1)/2 -> 68 | P70: =IF(J70=FALSE(),COUNTIFS($J$2:$J$316,FALSE(),$F$2:$F$316,"<"&F70)+(COUNTIFS($J$2:$J$316,FALSE(),$F$2:$F$316,F70)+1)/2,"") | Q70: =IF(J70=FALSE(),COUNTIFS($J$2:$J$316,FALSE(),$H$2:$H$316,"<"&H70)+(COUNTIFS($J$2:$J$316,FALSE(),$H$2:$H$316,H70)+1)/2,"") | R70: =COUNTIF($L$2:$L$316,"<"&L70)+(COUNTIF($L$2:$L$316,L70)+1)/2 -> 3 | S70: =MATCH(F70,Codetabel!$G$2:$G$12,0)-1 -> 3 | T70: =H70-1 -> 2
A71: B2 | B71: 99 | C71: 191 | D71: 151, 152 | E71: Lederfabrieken | F71: 300 | G71: 4.2 | H71: 6 | I71: 300 | J71: =TRUE() -> TRUE | K71: 100 | L71: 4 | M71: =TRUE() -> TRUE | N71: =COUNTIF($F$2:$F$316,"<"&F71)+(COUNTIF($F$2:$F$316,F71)+1)/2 -> 294.5 | O71: =COUNTIF($H$2:$H$316,"<"&H71)+(COUNTIF($H$2:$H$316,H71)+1)/2 -> 271 | P71: =IF(J71=FALSE(),COUNTIFS($J$2:$J$316,FALSE(),$F$2:$F$316,"<"&F71)+(COUNTIFS($J$2:$J$316,FALSE(),$F$2:$F$316,F71)+1)/2,"") | Q71: =IF(J71=FALSE(),COUNTIFS($J$2:$J$316,FALSE(),$H$2:$H$316,"<"&H71)+(COUNTIFS($J$2:$J$316,FALSE(),$H$2:$H$316,H71)+1)/2,"") | R71: =COUNTIF($L$2:$L$316,"<"&L71)+(COUNTIF($L$2:$L$316,L71)+1)/2 -> 166 | S71: =MATCH(F71,Codetabel!$G$2:$G$12,0)-1 -> 6 | T71: =H71-1 -> 5
A72: B2 | B72: 100 | C72: 192 | D72: 151 | E72: Lederwarenfabrieken (excl. kleding en schoeisel) | F72: 50 | G72: 3.1 | H72: 3 | I72: 50 | J72: =TRUE() -> TRUE | K72: 30 | L72: 2 | M72: =TRUE() -> TRUE | N72: =COUNTIF($F$2:$F$316,"<"&F72)+(COUNTIF($F$2:$F$316,F72)+1)/2 -> 175.5 | O72: =COUNTIF($H$2:$H$316,"<"&H72)+(COUNTIF($H$2:$H$316,H72)+1)/2 -> 68 | P72: =IF(J72=FALSE(),COUNTIFS($J$2:$J$316,FALSE(),$F$2:$F$316,"<"&F72)+(COUNTIFS($J$2:$J$316,FALSE(),$F$2:$F$316,F72)+1)/2,"") | Q72: =IF(J72=FALSE(),COUNTIFS($J$2:$J$316,FALSE(),$H$2:$H$316,"<"&H72)+(COUNTIFS($J$2:$J$316,FALSE(),$H$2:$H$316,H72)+1)/2,"") | R72: =COUNTIF($L$2:$L$316,"<"&L72)+(COUNTIF($L$2:$L$316,L72)+1)/2 -> 27 | S72: =MATCH(F72,Codetabel!$G$2:$G$12,0)-1 -> 3 | T72: =H72-1 -> 2
A73: B2 | B73: 101 | C73: 193 | D73: 152 | E73: Schoenenfabrieken | F73: 50 | G73: 3.1 | H73: 3 | I73: 50 | J73: =TRUE() -> TRUE | K73: 50 | L73: 3 | M73: =TRUE() -> TRUE | N73: =COUNTIF($F$2:$F$316,"<"&F73)+(COUNTIF($F$2:$F$316,F73)+1)/2 -> 175.5 | O73: =COUNTIF($H$2:$H$316,"<"&H73)+(COUNTIF($H$2:$H$316,H73)+1)/2 -> 68 | P73: =IF(J73=FALSE(),COUNTIFS($J$2:$J$316,FALSE(),$F$2:$F$316,"<"&F73)+(COUNTIFS($J$2:$J$316,FALSE(),$F$2:$F$316,F73)+1)/2,"") | Q73: =IF(J73=FALSE(),COUNTIFS($J$2:$J$316,FALSE(),$H$2:$H$316,"<"&H73)+(COUNTIFS($J$2:$J$316,FALSE(),$H$2:$H$316,H73)+1)/2,"") | R73: =COUNTIF($L$2:$L$316,"<"&L73)+(COUNTIF($L$2:$L$316,L73)+1)/2 -> 84.5 | S73: =MATCH(F73,Codetabel!$G$2:$G$12,0)-1 -> 3 | T73: =H73-1 -> 2
A74: B2 | B74: 104 | C74: 2010.1 | D74: 16101 | E74: Houtzagerijen | F74: 0 | G74: 3.2 | H74: 4 | I74: 100 | J74: =FALSE() -> FALSE | K74: 100 | L74: 4 | M74: =TRUE() -> TRUE | N74: =COUNTIF($F$2:$F$316,"<"&F74)+(COUNTIF($F$2:$F$316,F74)+1)/2 -> 21 | O74: =COUNTIF($H$2:$H$316,"<"&H74)+(COUNTIF($H$2:$H$316,H74)+1)/2 -> 140 | P74: =IF(J74=FALSE(),COUNTIFS($J$2:$J$316,FALSE(),$F$2:$F$316,"<"&F74)+(COUNTIFS($J$2:$J$316,FALSE(),$F$2:$F$316,F74)+1)/2,"") -> 21 | Q74: =IF(J74=FALSE(),COUNTIFS($J$2:$J$316,FALSE(),$H$2:$H$316,"<"&H74)+(COUNTIFS($J$2:$J$316,FALSE(),$H$2:$H$316,H74)+1)/2,"") -> 98 | R74: =COUNTIF($L$2:$L$316,"<"&L74)+(COUNTIF($L$2:$L$316,L74)+1)/2 -> 166 | S74: =MATCH(F74,Codetabel!$G$2:$G$12,0)-1 -> 0 | T74: =H74-1 -> 3
A75: B2 | B75: 106 | C75: 2010.2 | D75: 16102 | E75: - met creosootolie | F75: 200 | G75: 4.1 | H75: 5 | I75: 200 | J75: =TRUE() -> TRUE | K75: 50 | L75: 3 | M75: =TRUE() -> TRUE | N75: =COUNTIF($F$2:$F$316,"<"&F75)+(COUNTIF($F$2:$F$316,F75)+1)/2 -> 259.5 | O75: =COUNTIF($H$2:$H$316,"<"&H75)+(COUNTIF($H$2:$H$316,H75)+1)/2 -> 207 | P75: =IF(J75=FALSE(),COUNTIFS($J$2:$J$316,FALSE(),$F$2:$F$316,"<"&F75)+(COUNTIFS($J$2:$J$316,FALSE(),$F$2:$F$316,F75)+1)/2,"") | Q75: =IF(J75=FALSE(),COUNTIFS($J$2:$J$316,FALSE(),$H$2:$H$316,"<"&H75)+(COUNTIFS($J$2:$J$316,FALSE(),$H$2:$H$316,H75)+1)/2,"") | R75: =COUNTIF($L$2:$L$316,"<"&L75)+(COUNTIF($L$2:$L$316,L75)+1)/2 -> 84.5 | S75: =MATCH(F75,Codetabel!$G$2:$G$12,0)-1 -> 5 | T75: =H75-1 -> 4
A76: B2 | B76: 107 | C76: 2010.2 | D76: 16102 | E76: - met zoutoplossingen | F76: 10 | G76: 3.1 | H76: 3 | I76: 50 | J76: =FALSE() -> FALSE | K76: 50 | L76: 3 | M76: =TRUE() -> TRUE | N76: =COUNTIF($F$2:$F$316,"<"&F76)+(COUNTIF($F$2:$F$316,F76)+1)/2 -> 66 | O76: =COUNTIF($H$2:$H$316,"<"&H76)+(COUNTIF($H$2:$H$316,H76)+1)/2 -> 68 | P76: =IF(J76=FALSE(),COUNTIFS($J$2:$J$316,FALSE(),$F$2:$F$316,"<"&F76)+(COUNTIFS($J$2:$J$316,FALSE(),$F$2:$F$316,F76)+1)/2,"") -> 66 | Q76: =IF(J76=FALSE(),COUNTIFS($J$2:$J$316,FALSE(),$H$2:$H$316,"<"&H76)+(COUNTIFS($J$2:$J$316,FALSE(),$H$2:$H$316,H76)+1)/2,"") -> 48.5 | R76: =COUNTIF($L$2:$L$316,"<"&L76)+(COUNTIF($L$2:$L$316,L76)+1)/2 -> 84.5 | S76: =MATCH(F76,Codetabel!$G$2:$G$12,0)-1 -> 1 | T76: =H76-1 -> 2
A77: B2 | B77: 108 | C77: 202 | D77: 1621 | E77: Fineer- en plaatmaterialenfabrieken | F77: 100 | G77: 3.2 | H77: 4 | I77: 100 | J77: =TRUE() -> TRUE | K77: 100 | L77: 4 | M77: =TRUE() -> TRUE | N77: =COUNTIF($F$2:$F$316,"<"&F77)+(COUNTIF($F$2:$F$316,F77)+1)/2 -> 222.5 | O77: =COUNTIF($H$2:$H$316,"<"&H77)+(COUNTIF($H$2:$H$316,H77)+1)/2 -> 140 | P77: =IF(J77=FALSE(),COUNTIFS($J$2:$J$316,FALSE(),$F$2:$F$316,"<"&F77)+(COUNTIFS($J$2:$J$316,FALSE(),$F$2:$F$316,F77)+1)/2,"") | Q77: =IF(J77=FALSE(),COUNTIFS($J$2:$J$316,FALSE(),$H$2:$H$316,"<"&H77)+(COUNTIFS($J$2:$J$316,FALSE(),$H$2:$H$316,H77)+1)/2,"") | R77: =COUNTIF($L$2:$L$316,"<"&L77)+(COUNTIF($L$2:$L$316,L77)+1)/2 -> 166 | S77: =MATCH(F77,Codetabel!$G$2:$G$12,0)-1 -> 4 | T77: =H77-1 -> 3
A78: B2 | B78: 109 | C78: 203, 204, 205 | D78: 162 | E78: Timmerwerkfabrieken, vervaardiging overige artikelen van hout | F78: 0 | G78: 3.2 | H78: 4 | I78: 100 | J78: =FALSE() -> FALSE | K78: 100 | L78: 4 | M78: =TRUE() -> TRUE | N78: =COUNTIF($F$2:$F$316,"<"&F78)+(COUNTIF($F$2:$F$316,F78)+1)/2 -> 21 | O78: =COUNTIF($H$2:$H$316,"<"&H78)+(COUNTIF($H$2:$H$316,H78)+1)/2 -> 140 | P78: =IF(J78=FALSE(),COUNTIFS($J$2:$J$316,FALSE(),$F$2:$F$316,"<"&F78)+(COUNTIFS($J$2:$J$316,FALSE(),$F$2:$F$316,F78)+1)/2,"") -> 21 | Q78: =IF(J78=FALSE(),COUNTIFS($J$2:$J$316,FALSE(),$H$2:$H$316,"<"&H78)+(COUNTIFS($J$2:$J$316,FALSE(),$H$2:$H$316,H78)+1)/2,"") -> 98 | R78: =COUNTIF($L$2:$L$316,"<"&L78)+(COUNTIF($L$2:$L$316,L78)+1)/2 -> 166 | S78: =MATCH(F78,Codetabel!$G$2:$G$12,0)-1 -> 0 | T78: =H78-1 -> 3
A79: B2 | B79: 110 | C79: 203, 204, 205 | D79: 162 | E79: Timmerwerkfabrieken, vervaardiging overige artikelen van hout, p.o. < 200 m2 | F79: 0 | G79: 3.1 | H79: 3 | I79: 50 | J79: =FALSE() -> FALSE | K79: 50 | L79: 3 | M79: =TRUE() -> TRUE | N79: =COUNTIF($F$2:$F$316,"<"&F79)+(COUNTIF($F$2:$F$316,F79)+1)/2 -> 21 | O79: =COUNTIF($H$2:$H$316,"<"&H79)+(COUNTIF($H$2:$H$316,H79)+1)/2 -> 68 | P79: =IF(J79=FALSE(),COUNTIFS($J$2:$J$316,FALSE(),$F$2:$F$316,"<"&F79)+(COUNTIFS($J$2:$J$316,FALSE(),$F$2:$F$316,F79)+1)/2,"") -> 21 | Q79: =IF(J79=FALSE(),COUNTIFS($J$2:$J$316,FALSE(),$H$2:$H$316,"<"&H79)+(COUNTIFS($J$2:$J$316,FALSE(),$H$2:$H$316,H79)+1)/2,"") -> 48.5 | R79: =COUNTIF($L$2:$L$316,"<"&L79)+(COUNTIF($L$2:$L$316,L79)+1)/2 -> 84.5 | S79: =MATCH(F79,Codetabel!$G$2:$G$12,0)-1 -> 0 | T79: =H79-1 -> 2
A80: B2 | B80: 113 | C80: 2111 | D80: 1711 | E80: Vervaardiging van pulp | F80: 200 | G80: 4.1 | H80: 5 | I80: 200 | J80: =TRUE() -> TRUE | K80: 200 | L80: 5 | M80: =TRUE() -> TRUE | N80: =COUNTIF($F$2:$F$316,"<"&F80)+(COUNTIF($F$2:$F$316,F80)+1)/2 -> 259.5 | O80: =COUNTIF($H$2:$H$316,"<"&H80)+(COUNTIF($H$2:$H$316,H80)+1)/2 -> 207 | P80: =IF(J80=FALSE(),COUNTIFS($J$2:$J$316,FALSE(),$F$2:$F$316,"<"&F80)+(COUNTIFS($J$2:$J$316,FALSE(),$F$2:$F$316,F80)+1)/2,"") | Q80: =IF(J80=FALSE(),COUNTIFS($J$2:$J$316,FALSE(),$H$2:$H$316,"<"&H80)+(COUNTIFS($J$2:$J$316,FALSE(),$H$2:$H$316,H80)+1)/2,"") | R80: =COUNTIF($L$2:$L$316,"<"&L80)+(COUNTIF($L$2:$L$316,L80)+1)/2 -> 234.5 | S80: =MATCH(F80,Codetabel!$G$2:$G$12,0)-1 -> 5 | T80: =H80-1 -> 4
A81: B2 | B81: 115 | C81: 2112 | D81: 1712 | E81: - p.c. < 3 t/u | F81: 50 | G81: 3.1 | H81: 3 | I81: 50 | J81: =TRUE() -> TRUE | K81: 50 | L81: 3 | M81: =TRUE() -> TRUE | N81: =COUNTIF($F$2:$F$316,"<"&F81)+(COUNTIF($F$2:$F$316,F81)+1)/2 -> 175.5 | O81: =COUNTIF($H$2:$H$316,"<"&H81)+(COUNTIF($H$2:$H$316,H81)+1)/2 -> 68 | P81: =IF(J81=FALSE(),COUNTIFS($J$2:$J$316,FALSE(),$F$2:$F$316,"<"&F81)+(COUNTIFS($J$2:$J$316,FALSE(),$F$2:$F$316,F81)+1)/2,"") | Q81: =IF(J81=FALSE(),COUNTIFS($J$2:$J$316,FALSE(),$H$2:$H$316,"<"&H81)+(COUNTIFS($J$2:$J$316,FALSE(),$H$2:$H$316,H81)+1)/2,"") | R81: =COUNTIF($L$2:$L$316,"<"&L81)+(COUNTIF($L$2:$L$316,L81)+1)/2 -> 84.5 | S81: =MATCH(F81,Codetabel!$G$2:$G$12,0)-1 -> 3 | T81: =H81-1 -> 2
A82: B2 | B82: 116 | C82: 2112 | D82: 1712 | E82: - p.c. 3 - 15 t/u | F82: 100 | G82: 4.1 | H82: 5 | I82: 200 | J82: =FALSE() -> FALSE | K82: 200 | L82: 5 | M82: =TRUE() -> TRUE | N82: =COUNTIF($F$2:$F$316,"<"&F82)+(COUNTIF($F$2:$F$316,F82)+1)/2 -> 222.5 | O82: =COUNTIF($H$2:$H$316,"<"&H82)+(COUNTIF($H$2:$H$316,H82)+1)/2 -> 207 | P82: =IF(J82=FALSE(),COUNTIFS($J$2:$J$316,FALSE(),$F$2:$F$316,"<"&F82)+(COUNTIFS($J$2:$J$316,FALSE(),$F$2:$F$316,F82)+1)/2,"") -> 180.5 | Q82: =IF(J82=FALSE(),COUNTIFS($J$2:$J$316,FALSE(),$H$2:$H$316,"<"&H82)+(COUNTIFS($J$2:$J$316,FALSE(),$H$2:$H$316,H82)+1)/2,"") -> 141 | R82: =COUNTIF($L$2:$L$316,"<"&L82)+(COUNTIF($L$2:$L$316,L82)+1)/2 -> 234.5 | S82: =MATCH(F82,Codetabel!$G$2:$G$12,0)-1 -> 4 | T82: =H82-1 -> 4
A83: B2 | B83: 117 | C83: 2112 | D83: 1712 | E83: - p.c. >= 15 t/u | F83: 200 | G83: 4.2 | H83: 6 | I83: 300 | J83: =FALSE() -> FALSE | K83: 300 | L83: 6 | M83: =TRUE() -> TRUE | N83: =COUNTIF($F$2:$F$316,"<"&F83)+(COUNTIF($F$2:$F$316,F83)+1)/2 -> 259.5 | O83: =COUNTIF($H$2:$H$316,"<"&H83)+(COUNTIF($H$2:$H$316,H83)+1)/2 -> 271 | P83: =IF(J83=FALSE(),COUNTIFS($J$2:$J$316,FALSE(),$F$2:$F$316,"<"&F83)+(COUNTIFS($J$2:$J$316,FALSE(),$F$2:$F$316,F83)+1)/2,"") -> 193.5 | Q83: =IF(J83=FALSE(),COUNTIFS($J$2:$J$316,FALSE(),$H$2:$H$316,"<"&H83)+(COUNTIFS($J$2:$J$316,FALSE(),$H$2:$H$316,H83)+1)/2,"") -> 175 | R83: =COUNTIF($L$2:$L$316,"<"&L83)+(COUNTIF($L$2:$L$316,L83)+1)/2 -> 283.5 | S83: =MATCH(F83,Codetabel!$G$2:$G$12,0)-1 -> 5 | T83: =H83-1 -> 5
A84: B2 | B84: 118 | C84: 212 | D84: 172 | E84: Papier- en kartonwarenfabrieken | F84: 30 | G84: 3.2 | H84: 4 | I84: 100 | J84: =FALSE() -> FALSE | K84: 100 | L84: 4 | M84: =TRUE() -> TRUE | N84: =COUNTIF($F$2:$F$316,"<"&F84)+(COUNTIF($F$2:$F$316,F84)+1)/2 -> 119.5 | O84: =COUNTIF($H$2:$H$316,"<"&H84)+(COUNTIF($H$2:$H$316,H84)+1)/2 -> 140 | P84: =IF(J84=FALSE(),COUNTIFS($J$2:$J$316,FALSE(),$F$2:$F$316,"<"&F84)+(COUNTIFS($J$2:$J$316,FALSE(),$F$2:$F$316,F84)+1)/2,"") -> 115 | Q84: =IF(J84=FALSE(),COUNTIFS($J$2:$J$316,FALSE(),$H$2:$H$316,"<"&H84)+(COUNTIFS($J$2:$J$316,FALSE(),$H$2:$H$316,H84)+1)/2,"") -> 98 | R84: =COUNTIF($L$2:$L$316,"<"&L84)+(COUNTIF($L$2:$L$316,L84)+1)/2 -> 166 | S84: =MATCH(F84,Codetabel!$G$2:$G$12,0)-1 -> 2 | T84: =H84-1 -> 3
A85: B2 | B85: 120 | C85: 2121.2 | D85: 17212 | E85: - p.c. < 3 t/u | F85: 30 | G85: 3.2 | H85: 4 | I85: 100 | J85: =FALSE() -> FALSE | K85: 100 | L85: 4 | M85: =TRUE() -> TRUE | N85: =COUNTIF($F$2:$F$316,"<"&F85)+(COUNTIF($F$2:$F$316,F85)+1)/2 -> 119.5 | O85: =COUNTIF($H$2:$H$316,"<"&H85)+(COUNTIF($H$2:$H$316,H85)+1)/2 -> 140 | P85: =IF(J85=FALSE(),COUNTIFS($J$2:$J$316,FALSE(),$F$2:$F$316,"<"&F85)+(COUNTIFS($J$2:$J$316,FALSE(),$F$2:$F$316,F85)+1)/2,"") -> 115 | Q85: =IF(J85=FALSE(),COUNTIFS($J$2:$J$316,FALSE(),$H$2:$H$316,"<"&H85)+(COUNTIFS($J$2:$J$316,FALSE(),$H$2:$H$316,H85)+1)/2,"") -> 98 | R85: =COUNTIF($L$2:$L$316,"<"&L85)+(COUNTIF($L$2:$L$316,L85)+1)/2 -> 166 | S85: =MATCH(F85,Codetabel!$G$2:$G$12,0)-1 -> 2 | T85: =H85-1 -> 3
A86: B2 | B86: 121 | C86: 2121.2 | D86: 17212 | E86: - p.c. >= 3 t/u | F86: 50 | G86: 4.1 | H86: 5 | I86: 200 | J86: =FALSE() -> FALSE | K86: 200 | L86: 5 | M86: =TRUE() -> TRUE | N86: =COUNTIF($F$2:$F$316,"<"&F86)+(COUNTIF($F$2:$F$316,F86)+1)/2 -> 175.5 | O86: =COUNTIF($H$2:$H$316,"<"&H86)+(COUNTIF($H$2:$H$316,H86)+1)/2 -> 207 | P86: =IF(J86=FALSE(),COUNTIFS($J$2:$J$316,FALSE(),$F$2:$F$316,"<"&F86)+(COUNTIFS($J$2:$J$316,FALSE(),$F$2:$F$316,F86)+1)/2,"") -> 156 | Q86: =IF(J86=FALSE(),COUNTIFS($J$2:$J$316,FALSE(),$H$2:$H$316,"<"&H86)+(COUNTIFS($J$2:$J$316,FALSE(),$H$2:$H$316,H86)+1)/2,"") -> 141 | R86: =COUNTIF($L$2:$L$316,"<"&L86)+(COUNTIF($L$2:$L$316,L86)+1)/2 -> 234.5 | S86: =MATCH(F86,Codetabel!$G$2:$G$12,0)-1 -> 3 | T86: =H86-1 -> 4
A87: B2 | B87: 124 | C87: 2221 | D87: 1811 | E87: Drukkerijen van dagbladen | F87: 30 | G87: 3.2 | H87: 4 | I87: 100 | J87: =FALSE() -> FALSE | K87: 100 | L87: 4 | M87: =TRUE() -> TRUE | N87: =COUNTIF($F$2:$F$316,"<"&F87)+(COUNTIF($F$2:$F$316,F87)+1)/2 -> 119.5 | O87: =COUNTIF($H$2:$H$316,"<"&H87)+(COUNTIF($H$2:$H$316,H87)+1)/2 -> 140 | P87: =IF(J87=FALSE(),COUNTIFS($J$2:$J$316,FALSE(),$F$2:$F$316,"<"&F87)+(COUNTIFS($J$2:$J$316,FALSE(),$F$2:$F$316,F87)+1)/2,"") -> 115 | Q87: =IF(J87=FALSE(),COUNTIFS($J$2:$J$316,FALSE(),$H$2:$H$316,"<"&H87)+(COUNTIFS($J$2:$J$316,FALSE(),$H$2:$H$316,H87)+1)/2,"") -> 98 | R87: =COUNTIF($L$2:$L$316,"<"&L87)+(COUNTIF($L$2:$L$316,L87)+1)/2 -> 166 | S87: =MATCH(F87,Codetabel!$G$2:$G$12,0)-1 -> 2 | T87: =H87-1 -> 3
A88: B2 | B88: 125 | C88: 2222 | D88: 1812 | E88: Drukkerijen (vlak- en rotatie-diepdrukkerijen) | F88: 30 | G88: 3.2 | H88: 4 | I88: 100 | J88: =FALSE() -> FALSE | K88: 100 | L88: 4 | M88: =TRUE() -> TRUE | N88: =COUNTIF($F$2:$F$316,"<"&F88)+(COUNTIF($F$2:$F$316,F88)+1)/2 -> 119.5 | O88: =COUNTIF($H$2:$H$316,"<"&H88)+(COUNTIF($H$2:$H$316,H88)+1)/2 -> 140 | P88: =IF(J88=FALSE(),COUNTIFS($J$2:$J$316,FALSE(),$F$2:$F$316,"<"&F88)+(COUNTIFS($J$2:$J$316,FALSE(),$F$2:$F$316,F88)+1)/2,"") -> 115 | Q88: =IF(J88=FALSE(),COUNTIFS($J$2:$J$316,FALSE(),$H$2:$H$316,"<"&H88)+(COUNTIFS($J$2:$J$316,FALSE(),$H$2:$H$316,H88)+1)/2,"") -> 98 | R88: =COUNTIF($L$2:$L$316,"<"&L88)+(COUNTIF($L$2:$L$316,L88)+1)/2 -> 166 | S88: =MATCH(F88,Codetabel!$G$2:$G$12,0)-1 -> 2 | T88: =H88-1 -> 3
A89: B2 | B89: 128 | C89: 2320.1 | D89: 19201 | E89: Aardolieraffinaderijen | F89: 1500 | G89: 6 | H89: 10 | I89: 1500 | J89: =TRUE() -> TRUE | K89: 1500 | L89: 10 | M89: =TRUE() -> TRUE | N89: =COUNTIF($F$2:$F$316,"<"&F89)+(COUNTIF($F$2:$F$316,F89)+1)/2 -> 314 | O89: =COUNTIF($H$2:$H$316,"<"&H89)+(COUNTIF($H$2:$H$316,H89)+1)/2 -> 312.5 | P89: =IF(J89=FALSE(),COUNTIFS($J$2:$J$316,FALSE(),$F$2:$F$316,"<"&F89)+(COUNTIFS($J$2:$J$316,FALSE(),$F$2:$F$316,F89)+1)/2,"") | Q89: =IF(J89=FALSE(),COUNTIFS($J$2:$J$316,FALSE(),$H$2:$H$316,"<"&H89)+(COUNTIFS($J$2:$J$316,FALSE(),$H$2:$H$316,H89)+1)/2,"") | R89: =COUNTIF($L$2:$L$316,"<"&L89)+(COUNTIF($L$2:$L$316,L89)+1)/2 -> 313 | S89: =MATCH(F89,Codetabel!$G$2:$G$12,0)-1 -> 10 | T89: =H89-1 -> 9
A90: B2 | B90: 129 | C90: 2320.2 | D90: 19202 | E90: Smeeroliën- en vettenfabrieken | F90: 50 | G90: 3.2 | H90: 4 | I90: 100 | J90: =FALSE() -> FALSE | K90: 100 | L90: 4 | M90: =TRUE() -> TRUE | N90: =COUNTIF($F$2:$F$316,"<"&F90)+(COUNTIF($F$2:$F$316,F90)+1)/2 -> 175.5 | O90: =COUNTIF($H$2:$H$316,"<"&H90)+(COUNTIF($H$2:$H$316,H90)+1)/2 -> 140 | P90: =IF(J90=FALSE(),COUNTIFS($J$2:$J$316,FALSE(),$F$2:$F$316,"<"&F90)+(COUNTIFS($J$2:$J$316,FALSE(),$F$2:$F$316,F90)+1)/2,"") -> 156 | Q90: =IF(J90=FALSE(),COUNTIFS($J$2:$J$316,FALSE(),$H$2:$H$316,"<"&H90)+(COUNTIFS($J$2:$J$316,FALSE(),$H$2:$H$316,H90)+1)/2,"") -> 98 | R90: =COUNTIF($L$2:$L$316,"<"&L90)+(COUNTIF($L$2:$L$316,L90)+1)/2 -> 166 | S90: =MATCH(F90,Codetabel!$G$2:$G$12,0)-1 -> 3 | T90: =H90-1 -> 3
A91: B2 | B91: 130 | C91: 2320.2 | D91: 19202 | E91: Recyclingbedrijven voor afgewerkte olie | F91: 300 | G91: 4.2 | H91: 6 | I91: 300 | J91: =TRUE() -> TRUE | K91: 100 | L91: 4 | M91: =TRUE() -> TRUE | N91: =COUNTIF($F$2:$F$316,"<"&F91)+(COUNTIF($F$2:$F$316,F91)+1)/2 -> 294.5 | O91: =COUNTIF($H$2:$H$316,"<"&H91)+(COUNTIF($H$2:$H$316,H91)+1)/2 -> 271 | P91: =IF(J91=FALSE(),COUNTIFS($J$2:$J$316,FALSE(),$F$2:$F$316,"<"&F91)+(COUNTIFS($J$2:$J$316,FALSE(),$F$2:$F$316,F91)+1)/2,"") | Q91: =IF(J91=FALSE(),COUNTIFS($J$2:$J$316,FALSE(),$H$2:$H$316,"<"&H91)+(COUNTIFS($J$2:$J$316,FALSE(),$H$2:$H$316,H91)+1)/2,"") | R91: =COUNTIF($L$2:$L$316,"<"&L91)+(COUNTIF($L$2:$L$316,L91)+1)/2 -> 166 | S91: =MATCH(F91,Codetabel!$G$2:$G$12,0)-1 -> 6 | T91: =H91-1 -> 5
A92: B2 | B92: 131 | C92: 2320.2 | D92: 19202 | E92: Aardolieproduktenfabrieken n.e.g. | F92: 300 | G92: 4.2 | H92: 6 | I92: 300 | J92: =TRUE() -> TRUE | K92: 200 | L92: 5 | M92: =TRUE() -> TRUE | N92: =COUNTIF($F$2:$F$316,"<"&F92)+(COUNTIF($F$2:$F$316,F92)+1)/2 -> 294.5 | O92: =COUNTIF($H$2:$H$316,"<"&H92)+(COUNTIF($H$2:$H$316,H92)+1)/2 -> 271 | P92: =IF(J92=FALSE(),COUNTIFS($J$2:$J$316,FALSE(),$F$2:$F$316,"<"&F92)+(COUNTIFS($J$2:$J$316,FALSE(),$F$2:$F$316,F92)+1)/2,"") | Q92: =IF(J92=FALSE(),COUNTIFS($J$2:$J$316,FALSE(),$H$2:$H$316,"<"&H92)+(COUNTIFS($J$2:$J$316,FALSE(),$H$2:$H$316,H92)+1)/2,"") | R92: =COUNTIF($L$2:$L$316,"<"&L92)+(COUNTIF($L$2:$L$316,L92)+1)/2 -> 234.5 | S92: =MATCH(F92,Codetabel!$G$2:$G$12,0)-1 -> 6 | T92: =H92-1 -> 5
A93: B2 | B93: 132 | C93: 233 | D93: 201, 212, 244 | E93: Splijt- en kweekstoffenbewerkingsbedrijven | F93: 10 | G93: 6 | H93: 10 | I93: 1500 | J93: =FALSE() -> FALSE | K93: 1500 | L93: 10 | M93: =TRUE() -> TRUE | N93: =COUNTIF($F$2:$F$316,"<"&F93)+(COUNTIF($F$2:$F$316,F93)+1)/2 -> 66 | O93: =COUNTIF($H$2:$H$316,"<"&H93)+(COUNTIF($H$2:$H$316,H93)+1)/2 -> 312.5 | P93: =IF(J93=FALSE(),COUNTIFS($J$2:$J$316,FALSE(),$F$2:$F$316,"<"&F93)+(COUNTIFS($J$2:$J$316,FALSE(),$F$2:$F$316,F93)+1)/2,"") -> 66 | Q93: =IF(J93=FALSE(),COUNTIFS($J$2:$J$316,FALSE(),$H$2:$H$316,"<"&H93)+(COUNTIFS($J$2:$J$316,FALSE(),$H$2:$H$316,H93)+1)/2,"") -> 197 | R93: =COUNTIF($L$2:$L$316,"<"&L93)+(COUNTIF($L$2:$L$316,L93)+1)/2 -> 313 | S93: =MATCH(F93,Codetabel!$G$2:$G$12,0)-1 -> 1 | T93: =H93-1 -> 9
A94: B2 | B94: 136 | C94: 2412 | D94: 2012 | E94: Kleur- en verfstoffenfabrieken | F94: 200 | G94: 4.1 | H94: 5 | I94: 200 | J94: =TRUE() -> TRUE | K94: 200 | L94: 5 | M94: =TRUE() -> TRUE | N94: =COUNTIF($F$2:$F$316,"<"&F94)+(COUNTIF($F$2:$F$316,F94)+1)/2 -> 259.5 | O94: =COUNTIF($H$2:$H$316,"<"&H94)+(COUNTIF($H$2:$H$316,H94)+1)/2 -> 207 | P94: =IF(J94=FALSE(),COUNTIFS($J$2:$J$316,FALSE(),$F$2:$F$316,"<"&F94)+(COUNTIFS($J$2:$J$316,FALSE(),$F$2:$F$316,F94)+1)/2,"") | Q94: =IF(J94=FALSE(),COUNTIFS($J$2:$J$316,FALSE(),$H$2:$H$316,"<"&H94)+(COUNTIFS($J$2:$J$316,FALSE(),$H$2:$H$316,H94)+1)/2,"") | R94: =COUNTIF($L$2:$L$316,"<"&L94)+(COUNTIF($L$2:$L$316,L94)+1)/2 -> 234.5 | S94: =MATCH(F94,Codetabel!$G$2:$G$12,0)-1 -> 5 | T94: =H94-1 -> 4
A95: B2 | B95: 138 | C95: 2413 | D95: 2012 | E95: - niet vallend onder "post-Seveso-richtlijn" | F95: 100 | G95: 4.2 | H95: 6 | I95: 300 | J95: =FALSE() -> FALSE | K95: 300 | L95: 6 | M95: =TRUE() -> TRUE | N95: =COUNTIF($F$2:$F$316,"<"&F95)+(COUNTIF($F$2:$F$316,F95)+1)/2 -> 222.5 | O95: =COUNTIF($H$2:$H$316,"<"&H95)+(COUNTIF($H$2:$H$316,H95)+1)/2 -> 271 | P95: =IF(J95=FALSE(),COUNTIFS($J$2:$J$316,FALSE(),$F$2:$F$316,"<"&F95)+(COUNTIFS($J$2:$J$316,FALSE(),$F$2:$F$316,F95)+1)/2,"") -> 180.5 | Q95: =IF(J95=FALSE(),COUNTIFS($J$2:$J$316,FALSE(),$H$2:$H$316,"<"&H95)+(COUNTIFS($J$2:$J$316,FALSE(),$H$2:$H$316,H95)+1)/2,"") -> 175 | R95: =COUNTIF($L$2:$L$316,"<"&L95)+(COUNTIF($L$2:$L$316,L95)+1)/2 -> 283.5 | S95: =MATCH(F95,Codetabel!$G$2:$G$12,0)-1 -> 4 | T95: =H95-1 -> 5
A96: B2 | B96: 140 | C96: 2414.1 | D96: 20141 | E96: - niet vallend onder "post-Seveso-richtlijn" | F96: 300 | G96: 4.2 | H96: 6 | I96: 300 | J96: =TRUE() -> TRUE | K96: 300 | L96: 6 | M96: =TRUE() -> TRUE | N96: =COUNTIF($F$2:$F$316,"<"&F96)+(COUNTIF($F$2:$F$316,F96)+1)/2 -> 294.5 | O96: =COUNTIF($H$2:$H$316,"<"&H96)+(COUNTIF($H$2:$H$316,H96)+1)/2 -> 271 | P96: =IF(J96=FALSE(),COUNTIFS($J$2:$J$316,FALSE(),$F$2:$F$316,"<"&F96)+(COUNTIFS($J$2:$J$316,FALSE(),$F$2:$F$316,F96)+1)/2,"") | Q96: =IF(J96=FALSE(),COUNTIFS($J$2:$J$316,FALSE(),$H$2:$H$316,"<"&H96)+(COUNTIFS($J$2:$J$316,FALSE(),$H$2:$H$316,H96)+1)/2,"") | R96: =COUNTIF($L$2:$L$316,"<"&L96)+(COUNTIF($L$2:$L$316,L96)+1)/2 -> 283.5 | S96: =MATCH(F96,Codetabel!$G$2:$G$12,0)-1 -> 6 | T96: =H96-1 -> 5
A97: B2 | B97: 142 | C97: 2414.1 | D97: 20141 | E97: - p.c. < 100.000 t/j | F97: 100 | G97: 4.1 | H97: 5 | I97: 200 | J97: =FALSE() -> FALSE | K97: 200 | L97: 5 | M97: =TRUE() -> TRUE | N97: =COUNTIF($F$2:$F$316,"<"&F97)+(COUNTIF($F$2:$F$316,F97)+1)/2 -> 222.5 | O97: =COUNTIF($H$2:$H$316,"<"&H97)+(COUNTIF($H$2:$H$316,H97)+1)/2 -> 207 | P97: =IF(J97=FALSE(),COUNTIFS($J$2:$J$316,FALSE(),$F$2:$F$316,"<"&F97)+(COUNTIFS($J$2:$J$316,FALSE(),$F$2:$F$316,F97)+1)/2,"") -> 180.5 | Q97: =IF(J97=FALSE(),COUNTIFS($J$2:$J$316,FALSE(),$H$2:$H$316,"<"&H97)+(COUNTIFS($J$2:$J$316,FALSE(),$H$2:$H$316,H97)+1)/2,"") -> 141 | R97: =COUNTIF($L$2:$L$316,"<"&L97)+(COUNTIF($L$2:$L$316,L97)+1)/2 -> 234.5 | S97: =MATCH(F97,Codetabel!$G$2:$G$12,0)-1 -> 4 | T97: =H97-1 -> 4
A98: B2 | B98: 143 | C98: 2414.1 | D98: 20141 | E98: - p.c. >= 100.000 t/j | F98: 200 | G98: 4.2 | H98: 6 | I98: 300 | J98: =FALSE() -> FALSE | K98: 300 | L98: 6 | M98: =TRUE() -> TRUE | N98: =COUNTIF($F$2:$F$316,"<"&F98)+(COUNTIF($F$2:$F$316,F98)+1)/2 -> 259.5 | O98: =COUNTIF($H$2:$H$316,"<"&H98)+(COUNTIF($H$2:$H$316,H98)+1)/2 -> 271 | P98: =IF(J98=FALSE(),COUNTIFS($J$2:$J$316,FALSE(),$F$2:$F$316,"<"&F98)+(COUNTIFS($J$2:$J$316,FALSE(),$F$2:$F$316,F98)+1)/2,"") -> 193.5 | Q98: =IF(J98=FALSE(),COUNTIFS($J$2:$J$316,FALSE(),$H$2:$H$316,"<"&H98)+(COUNTIFS($J$2:$J$316,FALSE(),$H$2:$H$316,H98)+1)/2,"") -> 175 | R98: =COUNTIF($L$2:$L$316,"<"&L98)+(COUNTIF($L$2:$L$316,L98)+1)/2 -> 283.5 | S98: =MATCH(F98,Codetabel!$G$2:$G$12,0)-1 -> 5 | T98: =H98-1 -> 5
A99: B2 | B99: 145 | C99: 2414.2 | D99: 20149 | E99: - p.c. < 50.000 t/j | F99: 300 | G99: 4.2 | H99: 6 | I99: 300 | J99: =TRUE() -> TRUE | K99: 200 | L99: 5 | M99: =TRUE() -> TRUE | N99: =COUNTIF($F$2:$F$316,"<"&F99)+(COUNTIF($F$2:$F$316,F99)+1)/2 -> 294.5 | O99: =COUNTIF($H$2:$H$316,"<"&H99)+(COUNTIF($H$2:$H$316,H99)+1)/2 -> 271 | P99: =IF(J99=FALSE(),COUNTIFS($J$2:$J$316,FALSE(),$F$2:$F$316,"<"&F99)+(COUNTIFS($J$2:$J$316,FALSE(),$F$2:$F$316,F99)+1)/2,"") | Q99: =IF(J99=FALSE(),COUNTIFS($J$2:$J$316,FALSE(),$H$2:$H$316,"<"&H99)+(COUNTIFS($J$2:$J$316,FALSE(),$H$2:$H$316,H99)+1)/2,"") | R99: =COUNTIF($L$2:$L$316,"<"&L99)+(COUNTIF($L$2:$L$316,L99)+1)/2 -> 234.5 | S99: =MATCH(F99,Codetabel!$G$2:$G$12,0)-1 -> 6 | T99: =H99-1 -> 5
A100: B2 | B100: 147 | C100: 243 | D100: 203 | E100: Verf, lak en vernisfabrieken | F100: 300 | G100: 4.2 | H100: 6 | I100: 300 | J100: =TRUE() -> TRUE | K100: 300 | L100: 6 | M100: =TRUE() -> TRUE | N100: =COUNTIF($F$2:$F$316,"<"&F100)+(COUNTIF($F$2:$F$316,F100)+1)/2 -> 294.5 | O100: =COUNTIF($H$2:$H$316,"<"&H100)+(COUNTIF($H$2:$H$316,H100)+1)/2 -> 271 | P100: =IF(J100=FALSE(),COUNTIFS($J$2:$J$316,FALSE(),$F$2:$F$316,"<"&F100)+(COUNTIFS($J$2:$J$316,FALSE(),$F$2:$F$316,F100)+1)/2,"") | Q100: =IF(J100=FALSE(),COUNTIFS($J$2:$J$316,FALSE(),$H$2:$H$316,"<"&H100)+(COUNTIFS($J$2:$J$316,FALSE(),$H$2:$H$316,H100)+1)/2,"") | R100: =COUNTIF($L$2:$L$316,"<"&L100)+(COUNTIF($L$2:$L$316,L100)+1)/2 -> 283.5 | S100: =MATCH(F100,Codetabel!$G$2:$G$12,0)-1 -> 6 | T100: =H100-1 -> 5
A101: B2 | B101: 149 | C101: 2441 | D101: 2110 | E101: - p.c. < 1.000 t/j | F101: 200 | G101: 4.2 | H101: 6 | I101: 300 | J101: =FALSE() -> FALSE | K101: 300 | L101: 6 | M101: =TRUE() -> TRUE | N101: =COUNTIF($F$2:$F$316,"<"&F101)+(COUNTIF($F$2:$F$316,F101)+1)/2 -> 259.5 | O101: =COUNTIF($H$2:$H$316,"<"&H101)+(COUNTIF($H$2:$H$316,H101)+1)/2 -> 271 | P101: =IF(J101=FALSE(),COUNTIFS($J$2:$J$316,FALSE(),$F$2:$F$316,"<"&F101)+(COUNTIFS($J$2:$J$316,FALSE(),$F$2:$F$316,F101)+1)/2,"") -> 193.5 | Q101: =IF(J101=FALSE(),COUNTIFS($J$2:$J$316,FALSE(),$H$2:$H$316,"<"&H101)+(COUNTIFS($J$2:$J$316,FALSE(),$H$2:$H$316,H101)+1)/2,"") -> 175 | R101: =COUNTIF($L$2:$L$316,"<"&L101)+(COUNTIF($L$2:$L$316,L101)+1)/2 -> 283.5 | S101: =MATCH(F101,Codetabel!$G$2:$G$12,0)-1 -> 5 | T101: =H101-1 -> 5
A102: B2 | B102: 151 | C102: 2442 | D102: 2120 | E102: - formulering en afvullen geneesmiddelen | F102: 50 | G102: 3.1 | H102: 3 | I102: 50 | J102: =TRUE() -> TRUE | K102: 50 | L102: 3 | M102: =TRUE() -> TRUE | N102: =COUNTIF($F$2:$F$316,"<"&F102)+(COUNTIF($F$2:$F$316,F102)+1)/2 -> 175.5 | O102: =COUNTIF($H$2:$H$316,"<"&H102)+(COUNTIF($H$2:$H$316,H102)+1)/2 -> 68 | P102: =IF(J102=FALSE(),COUNTIFS($J$2:$J$316,FALSE(),$F$2:$F$316,"<"&F102)+(COUNTIFS($J$2:$J$316,FALSE(),$F$2:$F$316,F102)+1)/2,"") | Q102: =IF(J102=FALSE(),COUNTIFS($J$2:$J$316,FALSE(),$H$2:$H$316,"<"&H102)+(COUNTIFS($J$2:$J$316,FALSE(),$H$2:$H$316,H102)+1)/2,"") | R102: =COUNTIF($L$2:$L$316,"<"&L102)+(COUNTIF($L$2:$L$316,L102)+1)/2 -> 84.5 | S102: =MATCH(F102,Codetabel!$G$2:$G$12,0)-1 -> 3 | T102: =H102-1 -> 2
A103: B2 | B103: 152 | C103: 2451 | D103: 2041 | E103: Zeep-, was- en reinigingsmiddelenfabrieken | F103: 300 | G103: 4.2 | H103: 6 | I103: 300 | J103: =TRUE() -> TRUE | K103: 200 | L103: 5 | M103: =TRUE() -> TRUE | N103: =COUNTIF($F$2:$F$316,"<"&F103)+(COUNTIF($F$2:$F$316,F103)+1)/2 -> 294.5 | O103: =COUNTIF($H$2:$H$316,"<"&H103)+(COUNTIF($H$2:$H$316,H103)+1)/2 -> 271 | P103: =IF(J103=FALSE(),COUNTIFS($J$2:$J$316,FALSE(),$F$2:$F$316,"<"&F103)+(COUNTIFS($J$2:$J$316,FALSE(),$F$2:$F$316,F103)+1)/2,"") | Q103: =IF(J103=FALSE(),COUNTIFS($J$2:$J$316,FALSE(),$H$2:$H$316,"<"&H103)+(COUNTIFS($J$2:$J$316,FALSE(),$H$2:$H$316,H103)+1)/2,"") | R103: =COUNTIF($L$2:$L$316,"<"&L103)+(COUNTIF($L$2:$L$316,L103)+1)/2 -> 234.5 | S103: =MATCH(F103,Codetabel!$G$2:$G$12,0)-1 -> 6 | T103: =H103-1 -> 5
A104: B2 | B104: 153 | C104: 2452 | D104: 2042 | E104: Parfumerie- en cosmeticafabrieken | F104: 300 | G104: 4.2 | H104: 6 | I104: 300 | J104: =TRUE() -> TRUE | K104: 50 | L104: 3 | M104: =TRUE() -> TRUE | N104: =COUNTIF($F$2:$F$316,"<"&F104)+(COUNTIF($F$2:$F$316,F104)+1)/2 -> 294.5 | O104: =COUNTIF($H$2:$H$316,"<"&H104)+(COUNTIF($H$2:$H$316,H104)+1)/2 -> 271 | P104: =IF(J104=FALSE(),COUNTIFS($J$2:$J$316,FALSE(),$F$2:$F$316,"<"&F104)+(COUNTIFS($J$2:$J$316,FALSE(),$F$2:$F$316,F104)+1)/2,"") | Q104: =IF(J104=FALSE(),COUNTIFS($J$2:$J$316,FALSE(),$H$2:$H$316,"<"&H104)+(COUNTIFS($J$2:$J$316,FALSE(),$H$2:$H$316,H104)+1)/2,"") | R104: =COUNTIF($L$2:$L$316,"<"&L104)+(COUNTIF($L$2:$L$316,L104)+1)/2 -> 84.5 | S104: =MATCH(F104,Codetabel!$G$2:$G$12,0)-1 -> 6 | T104: =H104-1 -> 5
A105: B2 | B105: 155 | C105: 2462 | D105: 2052 | E105: - zonder dierlijke grondstoffen | F105: 100 | G105: 3.2 | H105: 4 | I105: 100 | J105: =TRUE() -> TRUE | K105: 100 | L105: 4 | M105: =TRUE() -> TRUE | N105: =COUNTIF($F$2:$F$316,"<"&F105)+(COUNTIF($F$2:$F$316,F105)+1)/2 -> 222.5 | O105: =COUNTIF($H$2:$H$316,"<"&H105)+(COUNTIF($H$2:$H$316,H105)+1)/2 -> 140 | P105: =IF(J105=FALSE(),COUNTIFS($J$2:$J$316,FALSE(),$F$2:$F$316,"<"&F105)+(COUNTIFS($J$2:$J$316,FALSE(),$F$2:$F$316,F105)+1)/2,"") | Q105: =IF(J105=FALSE(),COUNTIFS($J$2:$J$316,FALSE(),$H$2:$H$316,"<"&H105)+(COUNTIFS($J$2:$J$316,FALSE(),$H$2:$H$316,H105)+1)/2,"") | R105: =COUNTIF($L$2:$L$316,"<"&L105)+(COUNTIF($L$2:$L$316,L105)+1)/2 -> 166 | S105: =MATCH(F105,Codetabel!$G$2:$G$12,0)-1 -> 4 | T105: =H105-1 -> 3
A106: B2 | B106: 156 | C106: 2464 | D106: 205902 | E106: Fotochemische produktenfabrieken | F106: 50 | G106: 3.2 | H106: 4 | I106: 100 | J106: =FALSE() -> FALSE | K106: 100 | L106: 4 | M106: =TRUE() -> TRUE | N106: =COUNTIF($F$2:$F$316,"<"&F106)+(COUNTIF($F$2:$F$316,F106)+1)/2 -> 175.5 | O106: =COUNTIF($H$2:$H$316,"<"&H106)+(COUNTIF($H$2:$H$316,H106)+1)/2 -> 140 | P106: =IF(J106=FALSE(),COUNTIFS($J$2:$J$316,FALSE(),$F$2:$F$316,"<"&F106)+(COUNTIFS($J$2:$J$316,FALSE(),$F$2:$F$316,F106)+1)/2,"") -> 156 | Q106: =IF(J106=FALSE(),COUNTIFS($J$2:$J$316,FALSE(),$H$2:$H$316,"<"&H106)+(COUNTIFS($J$2:$J$316,FALSE(),$H$2:$H$316,H106)+1)/2,"") -> 98 | R106: =COUNTIF($L$2:$L$316,"<"&L106)+(COUNTIF($L$2:$L$316,L106)+1)/2 -> 166 | S106: =MATCH(F106,Codetabel!$G$2:$G$12,0)-1 -> 3 | T106: =H106-1 -> 3
A107: B2 | B107: 157 | C107: 2466 | D107: 205903 | E107: Chemische kantoorbenodigdhedenfabrieken | F107: 50 | G107: 3.1 | H107: 3 | I107: 50 | J107: =TRUE() -> TRUE | K107: 50 | L107: 3 | M107: =TRUE() -> TRUE | N107: =COUNTIF($F$2:$F$316,"<"&F107)+(COUNTIF($F$2:$F$316,F107)+1)/2 -> 175.5 | O107: =COUNTIF($H$2:$H$316,"<"&H107)+(COUNTIF($H$2:$H$316,H107)+1)/2 -> 68 | P107: =IF(J107=FALSE(),COUNTIFS($J$2:$J$316,FALSE(),$F$2:$F$316,"<"&F107)+(COUNTIFS($J$2:$J$316,FALSE(),$F$2:$F$316,F107)+1)/2,"") | Q107: =IF(J107=FALSE(),COUNTIFS($J$2:$J$316,FALSE(),$H$2:$H$316,"<"&H107)+(COUNTIFS($J$2:$J$316,FALSE(),$H$2:$H$316,H107)+1)/2,"") | R107: =COUNTIF($L$2:$L$316,"<"&L107)+(COUNTIF($L$2:$L$316,L107)+1)/2 -> 84.5 | S107: =MATCH(F107,Codetabel!$G$2:$G$12,0)-1 -> 3 | T107: =H107-1 -> 2
A108: B2 | B108: 158 | C108: 2466 | D108: 205903 | E108: Overige chemische produktenfabrieken n.e.g. | F108: 200 | G108: 4.1 | H108: 5 | I108: 200 | J108: =TRUE() -> TRUE | K108: 200 | L108: 5 | M108: =TRUE() -> TRUE | N108: =COUNTIF($F$2:$F$316,"<"&F108)+(COUNTIF($F$2:$F$316,F108)+1)/2 -> 259.5 | O108: =COUNTIF($H$2:$H$316,"<"&H108)+(COUNTIF($H$2:$H$316,H108)+1)/2 -> 207 | P108: =IF(J108=FALSE(),COUNTIFS($J$2:$J$316,FALSE(),$F$2:$F$316,"<"&F108)+(COUNTIFS($J$2:$J$316,FALSE(),$F$2:$F$316,F108)+1)/2,"") | Q108: =IF(J108=FALSE(),COUNTIFS($J$2:$J$316,FALSE(),$H$2:$H$316,"<"&H108)+(COUNTIFS($J$2:$J$316,FALSE(),$H$2:$H$316,H108)+1)/2,"") | R108: =COUNTIF($L$2:$L$316,"<"&L108)+(COUNTIF($L$2:$L$316,L108)+1)/2 -> 234.5 | S108: =MATCH(F108,Codetabel!$G$2:$G$12,0)-1 -> 5 | T108: =H108-1 -> 4
A109: B2 | B109: 159 | C109: 247 | D109: 2060 | E109: Kunstmatige synthetische garen- en vezelfabrieken | F109: 300 | G109: 4.2 | H109: 6 | I109: 300 | J109: =TRUE() -> TRUE | K109: 300 | L109: 6 | M109: =TRUE() -> TRUE | N109: =COUNTIF($F$2:$F$316,"<"&F109)+(COUNTIF($F$2:$F$316,F109)+1)/2 -> 294.5 | O109: =COUNTIF($H$2:$H$316,"<"&H109)+(COUNTIF($H$2:$H$316,H109)+1)/2 -> 271 | P109: =IF(J109=FALSE(),COUNTIFS($J$2:$J$316,FALSE(),$F$2:$F$316,"<"&F109)+(COUNTIFS($J$2:$J$316,FALSE(),$F$2:$F$316,F109)+1)/2,"") | Q109: =IF(J109=FALSE(),COUNTIFS($J$2:$J$316,FALSE(),$H$2:$H$316,"<"&H109)+(COUNTIFS($J$2:$J$316,FALSE(),$H$2:$H$316,H109)+1)/2,"") | R109: =COUNTIF($L$2:$L$316,"<"&L109)+(COUNTIF($L$2:$L$316,L109)+1)/2 -> 283.5 | S109: =MATCH(F109,Codetabel!$G$2:$G$12,0)-1 -> 6 | T109: =H109-1 -> 5
A110: B2 | B110: 162 | C110: 2511 | D110: 221101 | E110: Rubberbandenfabrieken | F110: 300 | G110: 4.2 | H110: 6 | I110: 300 | J110: =TRUE() -> TRUE | K110: 300 | L110: 6 | M110: =TRUE() -> TRUE | N110: =COUNTIF($F$2:$F$316,"<"&F110)+(COUNTIF($F$2:$F$316,F110)+1)/2 -> 294.5 | O110: =COUNTIF($H$2:$H$316,"<"&H110)+(COUNTIF($H$2:$H$316,H110)+1)/2 -> 271 | P110: =IF(J110=FALSE(),COUNTIFS($J$2:$J$316,FALSE(),$F$2:$F$316,"<"&F110)+(COUNTIFS($J$2:$J$316,FALSE(),$F$2:$F$316,F110)+1)/2,"") | Q110: =IF(J110=FALSE(),COUNTIFS($J$2:$J$316,FALSE(),$H$2:$H$316,"<"&H110)+(COUNTIFS($J$2:$J$316,FALSE(),$H$2:$H$316,H110)+1)/2,"") | R110: =COUNTIF($L$2:$L$316,"<"&L110)+(COUNTIF($L$2:$L$316,L110)+1)/2 -> 283.5 | S110: =MATCH(F110,Codetabel!$G$2:$G$12,0)-1 -> 6 | T110: =H110-1 -> 5
A111: B2 | B111: 164 | C111: 2512 | D111: 221102 | E111: - vloeropp. < 100 m2 | F111: 50 | G111: 3.1 | H111: 3 | I111: 50 | J111: =TRUE() -> TRUE | K111: 30 | L111: 2 | M111: =TRUE() -> TRUE | N111: =COUNTIF($F$2:$F$316,"<"&F111)+(COUNTIF($F$2:$F$316,F111)+1)/2 -> 175.5 | O111: =COUNTIF($H$2:$H$316,"<"&H111)+(COUNTIF($H$2:$H$316,H111)+1)/2 -> 68 | P111: =IF(J111=FALSE(),COUNTIFS($J$2:$J$316,FALSE(),$F$2:$F$316,"<"&F111)+(COUNTIFS($J$2:$J$316,FALSE(),$F$2:$F$316,F111)+1)/2,"") | Q111: =IF(J111=FALSE(),COUNTIFS($J$2:$J$316,FALSE(),$H$2:$H$316,"<"&H111)+(COUNTIFS($J$2:$J$316,FALSE(),$H$2:$H$316,H111)+1)/2,"") | R111: =COUNTIF($L$2:$L$316,"<"&L111)+(COUNTIF($L$2:$L$316,L111)+1)/2 -> 27 | S111: =MATCH(F111,Codetabel!$G$2:$G$12,0)-1 -> 3 | T111: =H111-1 -> 2
A112: B2 | B112: 165 | C112: 2512 | D112: 221102 | E112: - vloeropp. >= 100 m2 | F112: 200 | G112: 4.1 | H112: 5 | I112: 200 | J112: =TRUE() -> TRUE | K112: 100 | L112: 4 | M112: =TRUE() -> TRUE | N112: =COUNTIF($F$2:$F$316,"<"&F112)+(COUNTIF($F$2:$F$316,F112)+1)/2 -> 259.5 | O112: =COUNTIF($H$2:$H$316,"<"&H112)+(COUNTIF($H$2:$H$316,H112)+1)/2 -> 207 | P112: =IF(J112=FALSE(),COUNTIFS($J$2:$J$316,FALSE(),$F$2:$F$316,"<"&F112)+(COUNTIFS($J$2:$J$316,FALSE(),$F$2:$F$316,F112)+1)/2,"") | Q112: =IF(J112=FALSE(),COUNTIFS($J$2:$J$316,FALSE(),$H$2:$H$316,"<"&H112)+(COUNTIFS($J$2:$J$316,FALSE(),$H$2:$H$316,H112)+1)/2,"") | R112: =COUNTIF($L$2:$L$316,"<"&L112)+(COUNTIF($L$2:$L$316,L112)+1)/2 -> 166 | S112: =MATCH(F112,Codetabel!$G$2:$G$12,0)-1 -> 5 | T112: =H112-1 -> 4
...

Sheet Data_B1_union_B2
A1: Source | B1: Source row | C1: SBI (old) | D1: SBI-2008 | E1: Omschrijving | F1: Geur (m) | G1: Categorie | H1: Category rank | I1: Max distance (m) | J1: Geur decisive | K1: Max other distances (m) | L1: Category rank excl. geur | M1: In both B1 and B2 | N1: Midrank geur | O1: Midrank category | P1: Midrank geur (not decisive) | Q1: Midrank category (not decisive) | R1: Midrank category excl. geur | S1: Geur step index (0-10) | T1: Category step index (0-9)
A2: B1 | B2: 4 | C2: 0111, 0113 | D2: 011, 012, 013 | E2: Akkerbouw en fruitteelt (bedrijfsgebouwen) | F2: 10 | G2: 2 | H2: 2 | I2: 30 | J2: =FALSE() -> FALSE | K2: 30 | L2: 2 | M2: =FALSE() -> FALSE | N2: =COUNTIF($F$2:$F$563,"<"&F2)+(COUNTIF($F$2:$F$563,F2)+1)/2 -> 164.5 | O2: =COUNTIF($H$2:$H$563,"<"&H2)+(COUNTIF($H$2:$H$563,H2)+1)/2 -> 89 | P2: =IF(J2=FALSE(),COUNTIFS($J$2:$J$563,FALSE(),$F$2:$F$563,"<"&F2)+(COUNTIFS($J$2:$J$563,FALSE(),$F$2:$F$563,F2)+1)/2,"") -> 162 | Q2: =IF(J2=FALSE(),COUNTIFS($J$2:$J$563,FALSE(),$H$2:$H$563,"<"&H2)+(COUNTIFS($J$2:$J$563,FALSE(),$H$2:$H$563,H2)+1)/2,"") -> 71.5 | R2: =COUNTIF($L$2:$L$563,"<"&L2)+(COUNTIF($L$2:$L$563,L2)+1)/2 -> 101.5 | S2: =MATCH(F2,Codetabel!$G$2:$G$12,0)-1 -> 1 | T2: =H2-1 -> 1
A3: B1 | B3: 6 | C3: 0112 | D3: 011, 012, 013 | E3: - bedrijfsgebouwen | F3: 10 | G3: 2 | H3: 2 | I3: 30 | J3: =FALSE() -> FALSE | K3: 30 | L3: 2 | M3: =FALSE() -> FALSE | N3: =COUNTIF($F$2:$F$563,"<"&F3)+(COUNTIF($F$2:$F$563,F3)+1)/2 -> 164.5 | O3: =COUNTIF($H$2:$H$563,"<"&H3)+(COUNTIF($H$2:$H$563,H3)+1)/2 -> 89 | P3: =IF(J3=FALSE(),COUNTIFS($J$2:$J$563,FALSE(),$F$2:$F$563,"<"&F3)+(COUNTIFS($J$2:$J$563,FALSE(),$F$2:$F$563,F3)+1)/2,"") -> 162 | Q3: =IF(J3=FALSE(),COUNTIFS($J$2:$J$563,FALSE(),$H$2:$H$563,"<"&H3)+(COUNTIFS($J$2:$J$563,FALSE(),$H$2:$H$563,H3)+1)/2,"") -> 71.5 | R3: =COUNTIF($L$2:$L$563,"<"&L3)+(COUNTIF($L$2:$L$563,L3)+1)/2 -> 101.5 | S3: =MATCH(F3,Codetabel!$G$2:$G$12,0)-1 -> 1 | T3: =H3-1 -> 1
A4: B1 | B4: 7 | C4: 0112 | D4: 011, 012, 013 | E4: - kassen zonder verwarming | F4: 10 | G4: 2 | H4: 2 | I4: 30 | J4: =FALSE() -> FALSE | K4: 30 | L4: 2 | M4: =FALSE() -> FALSE | N4: =COUNTIF($F$2:$F$563,"<"&F4)+(COUNTIF($F$2:$F$563,F4)+1)/2 -> 164.5 | O4: =COUNTIF($H$2:$H$563,"<"&H4)+(COUNTIF($H$2:$H$563,H4)+1)/2 -> 89 | P4: =IF(J4=FALSE(),COUNTIFS($J$2:$J$563,FALSE(),$F$2:$F$563,"<"&F4)+(COUNTIFS($J$2:$J$563,FALSE(),$F$2:$F$563,F4)+1)/2,"") -> 162 | Q4: =IF(J4=FALSE(),COUNTIFS($J$2:$J$563,FALSE(),$H$2:$H$563,"<"&H4)+(COUNTIFS($J$2:$J$563,FALSE(),$H$2:$H$563,H4)+1)/2,"") -> 71.5 | R4: =COUNTIF($L$2:$L$563,"<"&L4)+(COUNTIF($L$2:$L$563,L4)+1)/2 -> 101.5 | S4: =MATCH(F4,Codetabel!$G$2:$G$12,0)-1 -> 1 | T4: =H4-1 -> 1
A5: B1 | B5: 8 | C5: 0112 | D5: 011, 012, 013 | E5: - kassen met gasverwarming | F5: 10 | G5: 2 | H5: 2 | I5: 30 | J5: =FALSE() -> FALSE | K5: 30 | L5: 2 | M5: =FALSE() -> FALSE | N5: =COUNTIF($F$2:$F$563,"<"&F5)+(COUNTIF($F$2:$F$563,F5)+1)/2 -> 164.5 | O5: =COUNTIF($H$2:$H$563,"<"&H5)+(COUNTIF($H$2:$H$563,H5)+1)/2 -> 89 | P5: =IF(J5=FALSE(),COUNTIFS($J$2:$J$563,FALSE(),$F$2:$F$563,"<"&F5)+(COUNTIFS($J$2:$J$563,FALSE(),$F$2:$F$563,F5)+1)/2,"") -> 162 | Q5: =IF(J5=FALSE(),COUNTIFS($J$2:$J$563,FALSE(),$H$2:$H$563,"<"&H5)+(COUNTIFS($J$2:$J$563,FALSE(),$H$2:$H$563,H5)+1)/2,"") -> 71.5 | R5: =COUNTIF($L$2:$L$563,"<"&L5)+(COUNTIF($L$2:$L$563,L5)+1)/2 -> 101.5 | S5: =MATCH(F5,Codetabel!$G$2:$G$12,0)-1 -> 1 | T5: =H5-1 -> 1
A6: B1 | B6: 9 | C6: 0112 | D6: 0113 | E6: - champignonkwekerijen (algemeen) | F6: 30 | G6: 2 | H6: 2 | I6: 30 | J6: =TRUE() -> TRUE | K6: 30 | L6: 2 | M6: =FALSE() -> FALSE | N6: =COUNTIF($F$2:$F$563,"<"&F6)+(COUNTIF($F$2:$F$563,F6)+1)/2 -> 259.5 | O6: =COUNTIF($H$2:$H$563,"<"&H6)+(COUNTIF($H$2:$H$563,H6)+1)/2 -> 89 | P6: =IF(J6=FALSE(),COUNTIFS($J$2:$J$563,FALSE(),$F$2:$F$563,"<"&F6)+(COUNTIFS($J$2:$J$563,FALSE(),$F$2:$F$563,F6)+1)/2,"") | Q6: =IF(J6=FALSE(),COUNTIFS($J$2:$J$563,FALSE(),$H$2:$H$563,"<"&H6)+(COUNTIFS($J$2:$J$563,FALSE(),$H$2:$H$563,H6)+1)/2,"") | R6: =COUNTIF($L$2:$L$563,"<"&L6)+(COUNTIF($L$2:$L$563,L6)+1)/2 -> 101.5 | S6: =MATCH(F6,Codetabel!$G$2:$G$12,0)-1 -> 2 | T6: =H6-1 -> 1
A7: B1 | B7: 10 | C7: 0112 | D7: 0113 | E7: - champignonkwekerijen met mestfermentatie | F7: 100 | G7: 3.2 | H7: 4 | I7: 100 | J7: =TRUE() -> TRUE | K7: 30 | L7: 2 | M7: =FALSE() -> FALSE | N7: =COUNTIF($F$2:$F$563,"<"&F7)+(COUNTIF($F$2:$F$563,F7)+1)/2 -> 418.5 | O7: =COUNTIF($H$2:$H$563,"<"&H7)+(COUNTIF($H$2:$H$563,H7)+1)/2 -> 269 | P7: =IF(J7=FALSE(),COUNTIFS($J$2:$J$563,FALSE(),$F$2:$F$563,"<"&F7)+(COUNTIFS($J$2:$J$563,FALSE(),$F$2:$F$563,F7)+1)/2,"") | Q7: =IF(J7=FALSE(),COUNTIFS($J$2:$J$563,FALSE(),$H$2:$H$563,"<"&H7)+(COUNTIFS($J$2:$J$563,FALSE(),$H$2:$H$563,H7)+1)/2,"") | R7: =COUNTIF($L$2:$L$563,"<"&L7)+(COUNTIF($L$2:$L$563,L7)+1)/2 -> 101.5 | S7: =MATCH(F7,Codetabel!$G$2:$G$12,0)-1 -> 4 | T7: =H7-1 -> 3
A8: B1 | B8: 11 | C8: 0112 | D8: 0163 | E8: - bloembollendroog- en prepareerbedrijven | F8: 30 | G8: 2 | H8: 2 | I8: 30 | J8: =TRUE() -> TRUE | K8: 30 | L8: 2 | M8: =FALSE() -> FALSE | N8: =COUNTIF($F$2:$F$563,"<"&F8)+(COUNTIF($F$2:$F$563,F8)+1)/2 -> 259.5 | O8: =COUNTIF($H$2:$H$563,"<"&H8)+(COUNTIF($H$2:$H$563,H8)+1)/2 -> 89 | P8: =IF(J8=FALSE(),COUNTIFS($J$2:$J$563,FALSE(),$F$2:$F$563,"<"&F8)+(COUNTIFS($J$2:$J$563,FALSE(),$F$2:$F$563,F8)+1)/2,"") | Q8: =IF(J8=FALSE(),COUNTIFS($J$2:$J$563,FALSE(),$H$2:$H$563,"<"&H8)+(COUNTIFS($J$2:$J$563,FALSE(),$H$2:$H$563,H8)+1)/2,"") | R8: =COUNTIF($L$2:$L$563,"<"&L8)+(COUNTIF($L$2:$L$563,L8)+1)/2 -> 101.5 | S8: =MATCH(F8,Codetabel!$G$2:$G$12,0)-1 -> 2 | T8: =H8-1 -> 1
A9: B1 | B9: 12 | C9: 0112 | D9: 011 | E9: - witlofkwekerijen (algemeen) | F9: 30 | G9: 2 | H9: 2 | I9: 30 | J9: =TRUE() -> TRUE | K9: 30 | L9: 2 | M9: =FALSE() -> FALSE | N9: =COUNTIF($F$2:$F$563,"<"&F9)+(COUNTIF($F$2:$F$563,F9)+1)/2 -> 259.5 | O9: =COUNTIF($H$2:$H$563,"<"&H9)+(COUNTIF($H$2:$H$563,H9)+1)/2 -> 89 | P9: =IF(J9=FALSE(),COUNTIFS($J$2:$J$563,FALSE(),$F$2:$F$563,"<"&F9)+(COUNTIFS($J$2:$J$563,FALSE(),$F$2:$F$563,F9)+1)/2,"") | Q9: =IF(J9=FALSE(),COUNTIFS($J$2:$J$563,FALSE(),$H$2:$H$563,"<"&H9)+(COUNTIFS($J$2:$J$563,FALSE(),$H$2:$H$563,H9)+1)/2,"") | R9: =COUNTIF($L$2:$L$563,"<"&L9)+(COUNTIF($L$2:$L$563,L9)+1)/2 -> 101.5 | S9: =MATCH(F9,Codetabel!$G$2:$G$12,0)-1 -> 2 | T9: =H9-1 -> 1
A10: B1 | B10: 13 | C10: 0121 | D10: 0141, 0142 | E10: Fokken en houden van rundvee | F10: 100 | G10: 3.2 | H10: 4 | I10: 100 | J10: =TRUE() -> TRUE | K10: 30 | L10: 2 | M10: =FALSE() -> FALSE | N10: =COUNTIF($F$2:$F$563,"<"&F10)+(COUNTIF($F$2:$F$563,F10)+1)/2 -> 418.5 | O10: =COUNTIF($H$2:$H$563,"<"&H10)+(COUNTIF($H$2:$H$563,H10)+1)/2 -> 269 | P10: =IF(J10=FALSE(),COUNTIFS($J$2:$J$563,FALSE(),$F$2:$F$563,"<"&F10)+(COUNTIFS($J$2:$J$563,FALSE(),$F$2:$F$563,F10)+1)/2,"") | Q10: =IF(J10=FALSE(),COUNTIFS($J$2:$J$563,FALSE(),$H$2:$H$563,"<"&H10)+(COUNTIFS($J$2:$J$563,FALSE(),$H$2:$H$563,H10)+1)/2,"") | R10: =COUNTIF($L$2:$L$563,"<"&L10)+(COUNTIF($L$2:$L$563,L10)+1)/2 -> 101.5 | S10: =MATCH(F10,Codetabel!$G$2:$G$12,0)-1 -> 4 | T10: =H10-1 -> 3
A11: B1 | B11: 15 | C11: 0122 | D11: 0143 | E11: - paardenfokkerijen | F11: 50 | G11: 3.1 | H11: 3 | I11: 50 | J11: =TRUE() -> TRUE | K11: 30 | L11: 2 | M11: =FALSE() -> FALSE | N11: =COUNTIF($F$2:$F$563,"<"&F11)+(COUNTIF($F$2:$F$563,F11)+1)/2 -> 346.5 | O11: =COUNTIF($H$2:$H$563,"<"&H11)+(COUNTIF($H$2:$H$563,H11)+1)/2 -> 176.5 | P11: =IF(J11=FALSE(),COUNTIFS($J$2:$J$563,FALSE(),$F$2:$F$563,"<"&F11)+(COUNTIFS($J$2:$J$563,FALSE(),$F$2:$F$563,F11)+1)/2,"") | Q11: =IF(J11=FALSE(),COUNTIFS($J$2:$J$563,FALSE(),$H$2:$H$563,"<"&H11)+(COUNTIFS($J$2:$J$563,FALSE(),$H$2:$H$563,H11)+1)/2,"") | R11: =COUNTIF($L$2:$L$563,"<"&L11)+(COUNTIF($L$2:$L$563,L11)+1)/2 -> 101.5 | S11: =MATCH(F11,Codetabel!$G$2:$G$12,0)-1 -> 3 | T11: =H11-1 -> 2
A12: B1 | B12: 16 | C12: 0122 | D12: 0145 | E12: - overige graasdieren | F12: 50 | G12: 3.1 | H12: 3 | I12: 50 | J12: =TRUE() -> TRUE | K12: 30 | L12: 2 | M12: =FALSE() -> FALSE | N12: =COUNTIF($F$2:$F$563,"<"&F12)+(COUNTIF($F$2:$F$563,F12)+1)/2 -> 346.5 | O12: =COUNTIF($H$2:$H$563,"<"&H12)+(COUNTIF($H$2:$H$563,H12)+1)/2 -> 176.5 | P12: =IF(J12=FALSE(),COUNTIFS($J$2:$J$563,FALSE(),$F$2:$F$563,"<"&F12)+(COUNTIFS($J$2:$J$563,FALSE(),$F$2:$F$563,F12)+1)/2,"") | Q12: =IF(J12=FALSE(),COUNTIFS($J$2:$J$563,FALSE(),$H$2:$H$563,"<"&H12)+(COUNTIFS($J$2:$J$563,FALSE(),$H$2:$H$563,H12)+1)/2,"") | R12: =COUNTIF($L$2:$L$563,"<"&L12)+(COUNTIF($L$2:$L$563,L12)+1)/2 -> 101.5 | S12: =MATCH(F12,Codetabel!$G$2:$G$12,0)-1 -> 3 | T12: =H12-1 -> 2
A13: B1 | B13: 17 | C13: 0123 | D13: 0146 | E13: Fokken en houden van varkens | F13: 200 | G13: 4.1 | H13: 5 | I13: 200 | J13: =TRUE() -> TRUE | K13: 50 | L13: 3 | M13: =FALSE() -> FALSE | N13: =COUNTIF($F$2:$F$563,"<"&F13)+(COUNTIF($F$2:$F$563,F13)+1)/2 -> 474.5 | O13: =COUNTIF($H$2:$H$563,"<"&H13)+(COUNTIF($H$2:$H$563,H13)+1)/2 -> 351.5 | P13: =IF(J13=FALSE(),COUNTIFS($J$2:$J$563,FALSE(),$F$2:$F$563,"<"&F13)+(COUNTIFS($J$2:$J$563,FALSE(),$F$2:$F$563,F13)+1)/2,"") | Q13: =IF(J13=FALSE(),COUNTIFS($J$2:$J$563,FALSE(),$H$2:$H$563,"<"&H13)+(COUNTIFS($J$2:$J$563,FALSE(),$H$2:$H$563,H13)+1)/2,"") | R13: =COUNTIF($L$2:$L$563,"<"&L13)+(COUNTIF($L$2:$L$563,L13)+1)/2 -> 205 | S13: =MATCH(F13,Codetabel!$G$2:$G$12,0)-1 -> 5 | T13: =H13-1 -> 4
A14: B1 | B14: 19 | C14: 0124 | D14: 0147 | E14: - legkippen | F14: 200 | G14: 4.1 | H14: 5 | I14: 200 | J14: =TRUE() -> TRUE | K14: 50 | L14: 3 | M14: =FALSE() -> FALSE | N14: =COUNTIF($F$2:$F$563,"<"&F14)+(COUNTIF($F$2:$F$563,F14)+1)/2 -> 474.5 | O14: =COUNTIF($H$2:$H$563,"<"&H14)+(COUNTIF($H$2:$H$563,H14)+1)/2 -> 351.5 | P14: =IF(J14=FALSE(),COUNTIFS($J$2:$J$563,FALSE(),$F$2:$F$563,"<"&F14)+(COUNTIFS($J$2:$J$563,FALSE(),$F$2:$F$563,F14)+1)/2,"") | Q14: =IF(J14=FALSE(),COUNTIFS($J$2:$J$563,FALSE(),$H$2:$H$563,"<"&H14)+(COUNTIFS($J$2:$J$563,FALSE(),$H$2:$H$563,H14)+1)/2,"") | R14: =COUNTIF($L$2:$L$563,"<"&L14)+(COUNTIF($L$2:$L$563,L14)+1)/2 -> 205 | S14: =MATCH(F14,Codetabel!$G$2:$G$12,0)-1 -> 5 | T14: =H14-1 -> 4
A15: B1 | B15: 20 | C15: 0124 | D15: 0147 | E15: - opfokkippen en mestkuikens | F15: 200 | G15: 4.1 | H15: 5 | I15: 200 | J15: =TRUE() -> TRUE | K15: 50 | L15: 3 | M15: =FALSE() -> FALSE | N15: =COUNTIF($F$2:$F$563,"<"&F15)+(COUNTIF($F$2:$F$563,F15)+1)/2 -> 474.5 | O15: =COUNTIF($H$2:$H$563,"<"&H15)+(COUNTIF($H$2:$H$563,H15)+1)/2 -> 351.5 | P15: =IF(J15=FALSE(),COUNTIFS($J$2:$J$563,FALSE(),$F$2:$F$563,"<"&F15)+(COUNTIFS($J$2:$J$563,FALSE(),$F$2:$F$563,F15)+1)/2,"") | Q15: =IF(J15=FALSE(),COUNTIFS($J$2:$J$563,FALSE(),$H$2:$H$563,"<"&H15)+(COUNTIFS($J$2:$J$563,FALSE(),$H$2:$H$563,H15)+1)/2,"") | R15: =COUNTIF($L$2:$L$563,"<"&L15)+(COUNTIF($L$2:$L$563,L15)+1)/2 -> 205 | S15: =MATCH(F15,Codetabel!$G$2:$G$12,0)-1 -> 5 | T15: =H15-1 -> 4
A16: B1 | B16: 21 | C16: 0124 | D16: 0147 | E16: - eenden en ganzen | F16: 200 | G16: 4.1 | H16: 5 | I16: 200 | J16: =TRUE() -> TRUE | K16: 50 | L16: 3 | M16: =FALSE() -> FALSE | N16: =COUNTIF($F$2:$F$563,"<"&F16)+(COUNTIF($F$2:$F$563,F16)+1)/2 -> 474.5 | O16: =COUNTIF($H$2:$H$563,"<"&H16)+(COUNTIF($H$2:$H$563,H16)+1)/2 -> 351.5 | P16: =IF(J16=FALSE(),COUNTIFS($J$2:$J$563,FALSE(),$F$2:$F$563,"<"&F16)+(COUNTIFS($J$2:$J$563,FALSE(),$F$2:$F$563,F16)+1)/2,"") | Q16: =IF(J16=FALSE(),COUNTIFS($J$2:$J$563,FALSE(),$H$2:$H$563,"<"&H16)+(COUNTIFS($J$2:$J$563,FALSE(),$H$2:$H$563,H16)+1)/2,"") | R16: =COUNTIF($L$2:$L$563,"<"&L16)+(COUNTIF($L$2:$L$563,L16)+1)/2 -> 205 | S16: =MATCH(F16,Codetabel!$G$2:$G$12,0)-1 -> 5 | T16: =H16-1 -> 4
A17: B1 | B17: 22 | C17: 0124 | D17: 0147 | E17: - overig pluimvee | F17: 100 | G17: 3.2 | H17: 4 | I17: 100 | J17: =TRUE() -> TRUE | K17: 50 | L17: 3 | M17: =FALSE() -> FALSE | N17: =COUNTIF($F$2:$F$563,"<"&F17)+(COUNTIF($F$2:$F$563,F17)+1)/2 -> 418.5 | O17: =COUNTIF($H$2:$H$563,"<"&H17)+(COUNTIF($H$2:$H$563,H17)+1)/2 -> 269 | P17: =IF(J17=FALSE(),COUNTIFS($J$2:$J$563,FALSE(),$F$2:$F$563,"<"&F17)+(COUNTIFS($J$2:$J$563,FALSE(),$F$2:$F$563,F17)+1)/2,"") | Q17: =IF(J17=FALSE(),COUNTIFS($J$2:$J$563,FALSE(),$H$2:$H$563,"<"&H17)+(COUNTIFS($J$2:$J$563,FALSE(),$H$2:$H$563,H17)+1)/2,"") | R17: =COUNTIF($L$2:$L$563,"<"&L17)+(COUNTIF($L$2:$L$563,L17)+1)/2 -> 205 | S17: =MATCH(F17,Codetabel!$G$2:$G$12,0)-1 -> 4 | T17: =H17-1 -> 3
... A19: B1 | B19: 25 | C19: 0125 | D19: 0149 | E19: - konijnen | F19: 100 | G19: 3.2 | H19: 4 | I19: 100 | J19: =TRUE() -> TRUE | K19: 30 | L19: 2 | M19: =FALSE() -> FALSE | N19: =COUNTIF($F$2:$F$563,"<"&F19)+(COUNTIF($F$2:$F$563,F19)+1)/2 -> 418.5 | O19: =COUNTIF($H$2:$H$563,"<"&H19)+(COUNTIF($H$2:$H$563,H19)+1)/2 -> 269 | P19: =IF(J19=FALSE(),COUNTIFS($J$2:$J$563,FALSE(),$F$2:$F$563,"<"&F19)+(COUNTIFS($J$2:$J$563,FALSE(),$F$2:$F$563,F19)+1)/2,"") | Q19: =IF(J19=FALSE(),COUNTIFS($J$2:$J$563,FALSE(),$H$2:$H$563,"<"&H19)+(COUNTIFS($J$2:$J$563,FALSE(),$H$2:$H$563,H19)+1)/2,"") | R19: =COUNTIF($L$2:$L$563,"<"&L19)+(COUNTIF($L$2:$L$563,L19)+1)/2 -> 101.5 | S19: =MATCH(F19,Codetabel!$G$2:$G$12,0)-1 -> 4 | T19: =H19-1 -> 3
A20: B1 | B20: 26 | C20: 0125 | D20: 0149 | E20: - huisdieren | F20: 30 | G20: 3.1 | H20: 3 | I20: 50 | J20: =FALSE() -> FALSE | K20: 50 | L20: 3 | M20: =FALSE() -> FALSE | N20: =COUNTIF($F$2:$F$563,"<"&F20)+(COUNTIF($F$2:$F$563,F20)+1)/2 -> 259.5 | O20: =COUNTIF($H$2:$H$563,"<"&H20)+(COUNTIF($H$2:$H$563,H20)+1)/2 -> 176.5 | P20: =IF(J20=FALSE(),COUNTIFS($J$2:$J$563,FALSE(),$F$2:$F$563,"<"&F20)+(COUNTIFS($J$2:$J$563,FALSE(),$F$2:$F$563,F20)+1)/2,"") -> 242 | Q20: =IF(J20=FALSE(),COUNTIFS($J$2:$J$563,FALSE(),$H$2:$H$563,"<"&H20)+(COUNTIFS($J$2:$J$563,FALSE(),$H$2:$H$563,H20)+1)/2,"") -> 133.5 | R20: =COUNTIF($L$2:$L$563,"<"&L20)+(COUNTIF($L$2:$L$563,L20)+1)/2 -> 205 | S20: =MATCH(F20,Codetabel!$G$2:$G$12,0)-1 -> 2 | T20: =H20-1 -> 2
A21: B1 | B21: 27 | C21: 0125 | D21: 0149 | E21: - maden, wormen e.d. | F21: 100 | G21: 3.2 | H21: 4 | I21: 100 | J21: =TRUE() -> TRUE | K21: 30 | L21: 2 | M21: =FALSE() -> FALSE | N21: =COUNTIF($F$2:$F$563,"<"&F21)+(COUNTIF($F$2:$F$563,F21)+1)/2 -> 418.5 | O21: =COUNTIF($H$2:$H$563,"<"&H21)+(COUNTIF($H$2:$H$563,H21)+1)/2 -> 269 | P21: =IF(J21=FALSE(),COUNTIFS($J$2:$J$563,FALSE(),$F$2:$F$563,"<"&F21)+(COUNTIFS($J$2:$J$563,FALSE(),$F$2:$F$563,F21)+1)/2,"") | Q21: =IF(J21=FALSE(),COUNTIFS($J$2:$J$563,FALSE(),$H$2:$H$563,"<"&H21)+(COUNTIFS($J$2:$J$563,FALSE(),$H$2:$H$563,H21)+1)/2,"") | R21: =COUNTIF($L$2:$L$563,"<"&L21)+(COUNTIF($L$2:$L$563,L21)+1)/2 -> 101.5 | S21: =MATCH(F21,Codetabel!$G$2:$G$12,0)-1 -> 4 | T21: =H21-1 -> 3
A22: B1 | B22: 28 | C22: 0125 | D22: 0149 | E22: - bijen | F22: 10 | G22: 2 | H22: 2 | I22: 30 | J22: =FALSE() -> FALSE | K22: 30 | L22: 2 | M22: =FALSE() -> FALSE | N22: =COUNTIF($F$2:$F$563,"<"&F22)+(COUNTIF($F$2:$F$563,F22)+1)/2 -> 164.5 | O22: =COUNTIF($H$2:$H$563,"<"&H22)+(COUNTIF($H$2:$H$563,H22)+1)/2 -> 89 | P22: =IF(J22=FALSE(),COUNTIFS($J$2:$J$563,FALSE(),$F$2:$F$563,"<"&F22)+(COUNTIFS($J$2:$J$563,FALSE(),$F$2:$F$563,F22)+1)/2,"") -> 162 | Q22: =IF(J22=FALSE(),COUNTIFS($J$2:$J$563,FALSE(),$H$2:$H$563,"<"&H22)+(COUNTIFS($J$2:$J$563,FALSE(),$H$2:$H$563,H22)+1)/2,"") -> 71.5 | R22: =COUNTIF($L$2:$L$563,"<"&L22)+(COUNTIF($L$2:$L$563,L22)+1)/2 -> 101.5 | S22: =MATCH(F22,Codetabel!$G$2:$G$12,0)-1 -> 1 | T22: =H22-1 -> 1
A23: B1 | B23: 29 | C23: 0125 | D23: 0149 | E23: - overige dieren | F23: 30 | G23: 2 | H23: 2 | I23: 30 | J23: =TRUE() -> TRUE | K23: 30 | L23: 2 | M23: =FALSE() -> FALSE | N23: =COUNTIF($F$2:$F$563,"<"&F23)+(COUNTIF($F$2:$F$563,F23)+1)/2 -> 259.5 | O23: =COUNTIF($H$2:$H$563,"<"&H23)+(COUNTIF($H$2:$H$563,H23)+1)/2 -> 89 | P23: =IF(J23=FALSE(),COUNTIFS($J$2:$J$563,FALSE(),$F$2:$F$563,"<"&F23)+(COUNTIFS($J$2:$J$563,FALSE(),$F$2:$F$563,F23)+1)/2,"") | Q23: =IF(J23=FALSE(),COUNTIFS($J$2:$J$563,FALSE(),$H$2:$H$563,"<"&H23)+(COUNTIFS($J$2:$J$563,FALSE(),$H$2:$H$563,H23)+1)/2,"") | R23: =COUNTIF($L$2:$L$563,"<"&L23)+(COUNTIF($L$2:$L$563,L23)+1)/2 -> 101.5 | S23: =MATCH(F23,Codetabel!$G$2:$G$12,0)-1 -> 2 | T23: =H23-1 -> 1
A24: B1 | B24: 30 | C24: 0130 | D24: 0150 | E24: Akker-en/of tuinbouw in combinatie met het fokken en houden van dieren (niet intensief) | F24: 100 | G24: 3.2 | H24: 4 | I24: 100 | J24: =TRUE() -> TRUE | K24: 30 | L24: 2 | M24: =FALSE() -> FALSE | N24: =COUNTIF($F$2:$F$563,"<"&F24)+(COUNTIF($F$2:$F$563,F24)+1)/2 -> 418.5 | O24: =COUNTIF($H$2:$H$563,"<"&H24)+(COUNTIF($H$2:$H$563,H24)+1)/2 -> 269 | P24: =IF(J24=FALSE(),COUNTIFS($J$2:$J$563,FALSE(),$F$2:$F$563,"<"&F24)+(COUNTIFS($J$2:$J$563,FALSE(),$F$2:$F$563,F24)+1)/2,"") | Q24: =IF(J24=FALSE(),COUNTIFS($J$2:$J$563,FALSE(),$H$2:$H$563,"<"&H24)+(COUNTIFS($J$2:$J$563,FALSE(),$H$2:$H$563,H24)+1)/2,"") | R24: =COUNTIF($L$2:$L$563,"<"&L24)+(COUNTIF($L$2:$L$563,L24)+1)/2 -> 101.5 | S24: =MATCH(F24,Codetabel!$G$2:$G$12,0)-1 -> 4 | T24: =H24-1 -> 3
A25: B1 | B25: 32 | C25: 014 | D25: 016 | E25: - algemeen (o.a. loonbedrijven): b.o. > 500 m² | F25: 30 | G25: 3.1 | H25: 3 | I25: 50 | J25: =FALSE() -> FALSE | K25: 50 | L25: 3 | M25: =FALSE() -> FALSE | N25: =COUNTIF($F$2:$F$563,"<"&F25)+(COUNTIF($F$2:$F$563,F25)+1)/2 -> 259.5 | O25: =COUNTIF($H$2:$H$563,"<"&H25)+(COUNTIF($H$2:$H$563,H25)+1)/2 -> 176.5 | P25: =IF(J25=FALSE(),COUNTIFS($J$2:$J$563,FALSE(),$F$2:$F$563,"<"&F25)+(COUNTIFS($J$2:$J$563,FALSE(),$F$2:$F$563,F25)+1)/2,"") -> 242 | Q25: =IF(J25=FALSE(),COUNTIFS($J$2:$J$563,FALSE(),$H$2:$H$563,"<"&H25)+(COUNTIFS($J$2:$J$563,FALSE(),$H$2:$H$563,H25)+1)/2,"") -> 133.5 | R25: =COUNTIF($L$2:$L$563,"<"&L25)+(COUNTIF($L$2:$L$563,L25)+1)/2 -> 205 | S25: =MATCH(F25,Codetabel!$G$2:$G$12,0)-1 -> 2 | T25: =H25-1 -> 2
A26: B1 | B26: 33 | C26: 014 | D26: 016 | E26: - algemeen (o.a. loonbedrijven): b.o.<= 500 m² | F26: 30 | G26: 2 | H26: 2 | I26: 30 | J26: =TRUE() -> TRUE | K26: 30 | L26: 2 | M26: =FALSE() -> FALSE | N26: =COUNTIF($F$2:$F$563,"<"&F26)+(COUNTIF($F$2:$F$563,F26)+1)/2 -> 259.5 | O26: =COUNTIF($H$2:$H$563,"<"&H26)+(COUNTIF($H$2:$H$563,H26)+1)/2 -> 89 | P26: =IF(J26=FALSE(),COUNTIFS($J$2:$J$563,FALSE(),$F$2:$F$563,"<"&F26)+(COUNTIFS($J$2:$J$563,FALSE(),$F$2:$F$563,F26)+1)/2,"") | Q26: =IF(J26=FALSE(),COUNTIFS($J$2:$J$563,FALSE(),$H$2:$H$563,"<"&H26)+(COUNTIFS($J$2:$J$563,FALSE(),$H$2:$H$563,H26)+1)/2,"") | R26: =COUNTIF($L$2:$L$563,"<"&L26)+(COUNTIF($L$2:$L$563,L26)+1)/2 -> 101.5 | S26: =MATCH(F26,Codetabel!$G$2:$G$12,0)-1 -> 2 | T26: =H26-1 -> 1
A27: B1 | B27: 34 | C27: 014 | D27: 016 | E27: - plantsoenendiensten en hoveniersbedrijven: b.o. > 500 m² | F27: 30 | G27: 3.1 | H27: 3 | I27: 50 | J27: =FALSE() -> FALSE | K27: 50 | L27: 3 | M27: =FALSE() -> FALSE | N27: =COUNTIF($F$2:$F$563,"<"&F27)+(COUNTIF($F$2:$F$563,F27)+1)/2 -> 259.5 | O27: =COUNTIF($H$2:$H$563,"<"&H27)+(COUNTIF($H$2:$H$563,H27)+1)/2 -> 176.5 | P27: =IF(J27=FALSE(),COUNTIFS($J$2:$J$563,FALSE(),$F$2:$F$563,"<"&F27)+(COUNTIFS($J$2:$J$563,FALSE(),$F$2:$F$563,F27)+1)/2,"") -> 242 | Q27: =IF(J27=FALSE(),COUNTIFS($J$2:$J$563,FALSE(),$H$2:$H$563,"<"&H27)+(COUNTIFS($J$2:$J$563,FALSE(),$H$2:$H$563,H27)+1)/2,"") -> 133.5 | R27: =COUNTIF($L$2:$L$563,"<"&L27)+(COUNTIF($L$2:$L$563,L27)+1)/2 -> 205 | S27: =MATCH(F27,Codetabel!$G$2:$G$12,0)-1 -> 2 | T27: =H27-1 -> 2
A28: B1 | B28: 35 | C28: 014 | D28: 016 | E28: - plantsoenendiensten en hoveniersbedrijven: b.o. <= 500 m² | F28: 30 | G28: 2 | H28: 2 | I28: 30 | J28: =TRUE() -> TRUE | K28: 30 | L28: 2 | M28: =FALSE() -> FALSE | N28: =COUNTIF($F$2:$F$563,"<"&F28)+(COUNTIF($F$2:$F$563,F28)+1)/2 -> 259.5 | O28: =COUNTIF($H$2:$H$563,"<"&H28)+(COUNTIF($H$2:$H$563,H28)+1)/2 -> 89 | P28: =IF(J28=FALSE(),COUNTIFS($J$2:$J$563,FALSE(),$F$2:$F$563,"<"&F28)+(COUNTIFS($J$2:$J$563,FALSE(),$F$2:$F$563,F28)+1)/2,"") | Q28: =IF(J28=FALSE(),COUNTIFS($J$2:$J$563,FALSE(),$H$2:$H$563,"<"&H28)+(COUNTIFS($J$2:$J$563,FALSE(),$H$2:$H$563,H28)+1)/2,"") | R28: =COUNTIF($L$2:$L$563,"<"&L28)+(COUNTIF($L$2:$L$563,L28)+1)/2 -> 101.5 | S28: =MATCH(F28,Codetabel!$G$2:$G$12,0)-1 -> 2 | T28: =H28-1 -> 1
A29: B1 | B29: 36 | C29: 0142 | D29: 0162 | E29: KI-stations | F29: 30 | G29: 2 | H29: 2 | I29: 30 | J29: =TRUE() -> TRUE | K29: 30 | L29: 2 | M29: =FALSE() -> FALSE | N29: =COUNTIF($F$2:$F$563,"<"&F29)+(COUNTIF($F$2:$F$563,F29)+1)/2 -> 259.5 | O29: =COUNTIF($H$2:$H$563,"<"&H29)+(COUNTIF($H$2:$H$563,H29)+1)/2 -> 89 | P29: =IF(J29=FALSE(),COUNTIFS($J$2:$J$563,FALSE(),$F$2:$F$563,"<"&F29)+(COUNTIFS($J$2:$J$563,FALSE(),$F$2:$F$563,F29)+1)/2,"") | Q29: =IF(J29=FALSE(),COUNTIFS($J$2:$J$563,FALSE(),$H$2:$H$563,"<"&H29)+(COUNTIFS($J$2:$J$563,FALSE(),$H$2:$H$563,H29)+1)/2,"") | R29: =COUNTIF($L$2:$L$563,"<"&L29)+(COUNTIF($L$2:$L$563,L29)+1)/2 -> 101.5 | S29: =MATCH(F29,Codetabel!$G$2:$G$12,0)-1 -> 2 | T29: =H29-1 -> 1
A30: B1 | B30: 39 | C30: 020 | D30: 021, 022, 024 | E30: Bosbouwbedrijven | F30: 10 | G30: 3.1 | H30: 3 | I30: 50 | J30: =FALSE() -> FALSE | K30: 50 | L30: 3 | M30: =FALSE() -> FALSE | N30: =COUNTIF($F$2:$F$563,"<"&F30)+(COUNTIF($F$2:$F$563,F30)+1)/2 -> 164.5 | O30: =COUNTIF($H$2:$H$563,"<"&H30)+(COUNTIF($H$2:$H$563,H30)+1)/2 -> 176.5 | P30: =IF(J30=FALSE(),COUNTIFS($J$2:$J$563,FALSE(),$F$2:$F$563,"<"&F30)+(COUNTIFS($J$2:$J$563,FALSE(),$F$2:$F$563,F30)+1)/2,"") -> 162 | Q30: =IF(J30=FALSE(),COUNTIFS($J$2:$J$563,FALSE(),$H$2:$H$563,"<"&H30)+(COUNTIFS($J$2:$J$563,FALSE(),$H$2:$H$563,H30)+1)/2,"") -> 133.5 | R30: =COUNTIF($L$2:$L$563,"<"&L30)+(COUNTIF($L$2:$L$563,L30)+1)/2 -> 205 | S30: =MATCH(F30,Codetabel!$G$2:$G$12,0)-1 -> 1 | T30: =H30-1 -> 2
A31: B1 | B31: 42 | C31: 0501.1 | D31: 0311 | E31: Zeevisserijbedrijven | F31: 100 | G31: 3.2 | H31: 4 | I31: 100 | J31: =TRUE() -> TRUE | K31: 100 | L31: 4 | M31: =FALSE() -> FALSE | N31: =COUNTIF($F$2:$F$563,"<"&F31)+(COUNTIF($F$2:$F$563,F31)+1)/2 -> 418.5 | O31: =COUNTIF($H$2:$H$563,"<"&H31)+(COUNTIF($H$2:$H$563,H31)+1)/2 -> 269 | P31: =IF(J31=FALSE(),COUNTIFS($J$2:$J$563,FALSE(),$F$2:$F$563,"<"&F31)+(COUNTIFS($J$2:$J$563,FALSE(),$F$2:$F$563,F31)+1)/2,"") | Q31: =IF(J31=FALSE(),COUNTIFS($J$2:$J$563,FALSE(),$H$2:$H$563,"<"&H31)+(COUNTIFS($J$2:$J$563,FALSE(),$H$2:$H$563,H31)+1)/2,"") | R31: =COUNTIF($L$2:$L$563,"<"&L31)+(COUNTIF($L$2:$L$563,L31)+1)/2 -> 307.5 | S31: =MATCH(F31,Codetabel!$G$2:$G$12,0)-1 -> 4 | T31: =H31-1 -> 3
A32: B1 | B32: 43 | C32: 0501.2 | D32: 0312 | E32: Binnenvisserijbedrijven | F32: 50 | G32: 3.1 | H32: 3 | I32: 50 | J32: =TRUE() -> TRUE | K32: 50 | L32: 3 | M32: =FALSE() -> FALSE | N32: =COUNTIF($F$2:$F$563,"<"&F32)+(COUNTIF($F$2:$F$563,F32)+1)/2 -> 346.5 | O32: =COUNTIF($H$2:$H$563,"<"&H32)+(COUNTIF($H$2:$H$563,H32)+1)/2 -> 176.5 | P32: =IF(J32=FALSE(),COUNTIFS($J$2:$J$563,FALSE(),$F$2:$F$563,"<"&F32)+(COUNTIFS($J$2:$J$563,FALSE(),$F$2:$F$563,F32)+1)/2,"") | Q32: =IF(J32=FALSE(),COUNTIFS($J$2:$J$563,FALSE(),$H$2:$H$563,"<"&H32)+(COUNTIFS($J$2:$J$563,FALSE(),$H$2:$H$563,H32)+1)/2,"") | R32: =COUNTIF($L$2:$L$563,"<"&L32)+(COUNTIF($L$2:$L$563,L32)+1)/2 -> 205 | S32: =MATCH(F32,Codetabel!$G$2:$G$12,0)-1 -> 3 | T32: =H32-1 -> 2
A33: B1 | B33: 45 | C33: 0502 | D33: 032 | E33: - oester-, mossel- en schelpenteeltbedrijven | F33: 100 | G33: 3.2 | H33: 4 | I33: 100 | J33: =TRUE() -> TRUE | K33: 50 | L33: 3 | M33: =FALSE() -> FALSE | N33: =COUNTIF($F$2:$F$563,"<"&F33)+(COUNTIF($F$2:$F$563,F33)+1)/2 -> 418.5 | O33: =COUNTIF($H$2:$H$563,"<"&H33)+(COUNTIF($H$2:$H$563,H33)+1)/2 -> 269 | P33: =IF(J33=FALSE(),COUNTIFS($J$2:$J$563,FALSE(),$F$2:$F$563,"<"&F33)+(COUNTIFS($J$2:$J$563,FALSE(),$F$2:$F$563,F33)+1)/2,"") | Q33: =IF(J33=FALSE(),COUNTIFS($J$2:$J$563,FALSE(),$H$2:$H$563,"<"&H33)+(COUNTIFS($J$2:$J$563,FALSE(),$H$2:$H$563,H33)+1)/2,"") | R33: =COUNTIF($L$2:$L$563,"<"&L33)+(COUNTIF($L$2:$L$563,L33)+1)/2 -> 205 | S33: =MATCH(F33,Codetabel!$G$2:$G$12,0)-1 -> 4 | T33: =H33-1 -> 3
A34: B1 | B34: 46 | C34: 0502 | D34: 032 | E34: - visteeltbedrijven | F34: 50 | G34: 3.1 | H34: 3 | I34: 50 | J34: =TRUE() -> TRUE | K34: 50 | L34: 3 | M34: =FALSE() -> FALSE | N34: =COUNTIF($F$2:$F$563,"<"&F34)+(COUNTIF($F$2:$F$563,F34)+1)/2 -> 346.5 | O34: =COUNTIF($H$2:$H$563,"<"&H34)+(COUNTIF($H$2:$H$563,H34)+1)/2 -> 176.5 | P34: =IF(J34=FALSE(),COUNTIFS($J$2:$J$563,FALSE(),$F$2:$F$563,"<"&F34)+(COUNTIFS($J$2:$J$563,FALSE(),$F$2:$F$563,F34)+1)/2,"") | Q34: =IF(J34=FALSE(),COUNTIFS($J$2:$J$563,FALSE(),$H$2:$H$563,"<"&H34)+(COUNTIFS($J$2:$J$563,FALSE(),$H$2:$H$563,H34)+1)/2,"") | R34: =COUNTIF($L$2:$L$563,"<"&L34)+(COUNTIF($L$2:$L$563,L34)+1)/2 -> 205 | S34: =MATCH(F34,Codetabel!$G$2:$G$12,0)-1 -> 3 | T34: =H34-1 -> 2
A35: B1 | B35: 49 | C35: 103 | D35: 089 | E35: Turfwinningbedrijven | F35: 50 | G35: 3.2 | H35: 4 | I35: 100 | J35: =FALSE() -> FALSE | K35: 100 | L35: 4 | M35: =FALSE() -> FALSE | N35: =COUNTIF($F$2:$F$563,"<"&F35)+(COUNTIF($F$2:$F$563,F35)+1)/2 -> 346.5 | O35: =COUNTIF($H$2:$H$563,"<"&H35)+(COUNTIF($H$2:$H$563,H35)+1)/2 -> 269 | P35: =IF(J35=FALSE(),COUNTIFS($J$2:$J$563,FALSE(),$F$2:$F$563,"<"&F35)+(COUNTIFS($J$2:$J$563,FALSE(),$F$2:$F$563,F35)+1)/2,"") -> 303.5 | Q35: =IF(J35=FALSE(),COUNTIFS($J$2:$J$563,FALSE(),$H$2:$H$563,"<"&H35)+(COUNTIFS($J$2:$J$563,FALSE(),$H$2:$H$563,H35)+1)/2,"") -> 196 | R35: =COUNTIF($L$2:$L$563,"<"&L35)+(COUNTIF($L$2:$L$563,L35)+1)/2 -> 307.5 | S35: =MATCH(F35,Codetabel!$G$2:$G$12,0)-1 -> 3 | T35: =H35-1 -> 3
A36: B1 | B36: 53 | C36: 111 | D36: 061 | E36: - aardoliewinputten | F36: 100 | G36: 4.1 | H36: 5 | I36: 200 | J36: =FALSE() -> FALSE | K36: 200 | L36: 5 | M36: =FALSE() -> FALSE | N36: =COUNTIF($F$2:$F$563,"<"&F36)+(COUNTIF($F$2:$F$563,F36)+1)/2 -> 418.5 | O36: =COUNTIF($H$2:$H$563,"<"&H36)+(COUNTIF($H$2:$H$563,H36)+1)/2 -> 351.5 | P36: =IF(J36=FALSE(),COUNTIFS($J$2:$J$563,FALSE(),$F$2:$F$563,"<"&F36)+(COUNTIFS($J$2:$J$563,FALSE(),$F$2:$F$563,F36)+1)/2,"") -> 345.5 | Q36: =IF(J36=FALSE(),COUNTIFS($J$2:$J$563,FALSE(),$H$2:$H$563,"<"&H36)+(COUNTIFS($J$2:$J$563,FALSE(),$H$2:$H$563,H36)+1)/2,"") -> 247 | R36: =COUNTIF($L$2:$L$563,"<"&L36)+(COUNTIF($L$2:$L$563,L36)+1)/2 -> 389.5 | S36: =MATCH(F36,Codetabel!$G$2:$G$12,0)-1 -> 4 | T36: =H36-1 -> 4
A37: B1 | B37: 54 | C37: 111 | D37: 062 | E37: - aardgaswinning incl. gasbeh.inst.: < 10.000.000 N m3/d | F37: 30 | G37: 5.1 | H37: 7 | I37: 500 | J37: =FALSE() -> FALSE | K37: 500 | L37: 7 | M37: =FALSE() -> FALSE | N37: =COUNTIF($F$2:$F$563,"<"&F37)+(COUNTIF($F$2:$F$563,F37)+1)/2 -> 259.5 | O37: =COUNTIF($H$2:$H$563,"<"&H37)+(COUNTIF($H$2:$H$563,H37)+1)/2 -> 489.5 | P37: =IF(J37=FALSE(),COUNTIFS($J$2:$J$563,FALSE(),$F$2:$F$563,"<"&F37)+(COUNTIFS($J$2:$J$563,FALSE(),$F$2:$F$563,F37)+1)/2,"") -> 242 | Q37: =IF(J37=FALSE(),COUNTIFS($J$2:$J$563,FALSE(),$H$2:$H$563,"<"&H37)+(COUNTIFS($J$2:$J$563,FALSE(),$H$2:$H$563,H37)+1)/2,"") -> 328.5 | R37: =COUNTIF($L$2:$L$563,"<"&L37)+(COUNTIF($L$2:$L$563,L37)+1)/2 -> 500.5 | S37: =MATCH(F37,Codetabel!$G$2:$G$12,0)-1 -> 2 | T37: =H37-1 -> 6
A38: B1 | B38: 55 | C38: 111 | D38: 062 | E38: - aardgaswinning incl. gasbeh.inst.: >= 10.000.000 N m3/d | F38: 50 | G38: 5.2 | H38: 8 | I38: 700 | J38: =FALSE() -> FALSE | K38: 700 | L38: 8 | M38: =FALSE() -> FALSE | N38: =COUNTIF($F$2:$F$563,"<"&F38)+(COUNTIF($F$2:$F$563,F38)+1)/2 -> 346.5 | O38: =COUNTIF($H$2:$H$563,"<"&H38)+(COUNTIF($H$2:$H$563,H38)+1)/2 -> 523.5 | P38: =IF(J38=FALSE(),COUNTIFS($J$2:$J$563,FALSE(),$F$2:$F$563,"<"&F38)+(COUNTIFS($J$2:$J$563,FALSE(),$F$2:$F$563,F38)+1)/2,"") -> 303.5 | Q38: =IF(J38=FALSE(),COUNTIFS($J$2:$J$563,FALSE(),$H$2:$H$563,"<"&H38)+(COUNTIFS($J$2:$J$563,FALSE(),$H$2:$H$563,H38)+1)/2,"") -> 353.5 | R38: =COUNTIF($L$2:$L$563,"<"&L38)+(COUNTIF($L$2:$L$563,L38)+1)/2 -> 528 | S38: =MATCH(F38,Codetabel!$G$2:$G$12,0)-1 -> 3 | T38: =H38-1 -> 7
A39: B1 | B39: 59 | C39: 1421 | D39: 0812 | E39: - algemeen | F39: 10 | G39: 4.1 | H39: 5 | I39: 200 | J39: =FALSE() -> FALSE | K39: 200 | L39: 5 | M39: =FALSE() -> FALSE | N39: =COUNTIF($F$2:$F$563,"<"&F39)+(COUNTIF($F$2:$F$563,F39)+1)/2 -> 164.5 | O39: =COUNTIF($H$2:$H$563,"<"&H39)+(COUNTIF($H$2:$H$563,H39)+1)/2 -> 351.5 | P39: =IF(J39=FALSE(),COUNTIFS($J$2:$J$563,FALSE(),$F$2:$F$563,"<"&F39)+(COUNTIFS($J$2:$J$563,FALSE(),$F$2:$F$563,F39)+1)/2,"") -> 162 | Q39: =IF(J39=FALSE(),COUNTIFS($J$2:$J$563,FALSE(),$H$2:$H$563,"<"&H39)+(COUNTIFS($J$2:$J$563,FALSE(),$H$2:$H$563,H39)+1)/2,"") -> 247 | R39: =COUNTIF($L$2:$L$563,"<"&L39)+(COUNTIF($L$2:$L$563,L39)+1)/2 -> 389.5 | S39: =MATCH(F39,Codetabel!$G$2:$G$12,0)-1 -> 1 | T39: =H39-1 -> 4
A40: B1 | B40: 60 | C40: 1421 | D40: 0812 | E40: - steenbrekerijen | F40: 10 | G40: 5.2 | H40: 8 | I40: 700 | J40: =FALSE() -> FALSE | K40: 700 | L40: 8 | M40: =FALSE() -> FALSE | N40: =COUNTIF($F$2:$F$563,"<"&F40)+(COUNTIF($F$2:$F$563,F40)+1)/2 -> 164.5 | O40: =COUNTIF($H$2:$H$563,"<"&H40)+(COUNTIF($H$2:$H$563,H40)+1)/2 -> 523.5 | P40: =IF(J40=FALSE(),COUNTIFS($J$2:$J$563,FALSE(),$F$2:$F$563,"<"&F40)+(COUNTIFS($J$2:$J$563,FALSE(),$F$2:$F$563,F40)+1)/2,"") -> 162 | Q40: =IF(J40=FALSE(),COUNTIFS($J$2:$J$563,FALSE(),$H$2:$H$563,"<"&H40)+(COUNTIFS($J$2:$J$563,FALSE(),$H$2:$H$563,H40)+1)/2,"") -> 353.5 | R40: =COUNTIF($L$2:$L$563,"<"&L40)+(COUNTIF($L$2:$L$563,L40)+1)/2 -> 528 | S40: =MATCH(F40,Codetabel!$G$2:$G$12,0)-1 -> 1 | T40: =H40-1 -> 7
A41: B1 | B41: 61 | C41: 144 | D41: 0893 | E41: Zoutwinningbedrijven | F41: 50 | G41: 3.2 | H41: 4 | I41: 100 | J41: =FALSE() -> FALSE | K41: 100 | L41: 4 | M41: =FALSE() -> FALSE | N41: =COUNTIF($F$2:$F$563,"<"&F41)+(COUNTIF($F$2:$F$563,F41)+1)/2 -> 346.5 | O41: =COUNTIF($H$2:$H$563,"<"&H41)+(COUNTIF($H$2:$H$563,H41)+1)/2 -> 269 | P41: =IF(J41=FALSE(),COUNTIFS($J$2:$J$563,FALSE(),$F$2:$F$563,"<"&F41)+(COUNTIFS($J$2:$J$563,FALSE(),$F$2:$F$563,F41)+1)/2,"") -> 303.5 | Q41: =IF(J41=FALSE(),COUNTIFS($J$2:$J$563,FALSE(),$H$2:$H$563,"<"&H41)+(COUNTIFS($J$2:$J$563,FALSE(),$H$2:$H$563,H41)+1)/2,"") -> 196 | R41: =COUNTIF($L$2:$L$563,"<"&L41)+(COUNTIF($L$2:$L$563,L41)+1)/2 -> 307.5 | S41: =MATCH(F41,Codetabel!$G$2:$G$12,0)-1 -> 3 | T41: =H41-1 -> 3
A42: B1 | B42: 62 | C42: 145 | D42: 0899 | E42: Mergel- en overige delfstoffenwinningbedrijven | F42: 10 | G42: 5.1 | H42: 7 | I42: 500 | J42: =FALSE() -> FALSE | K42: 500 | L42: 7 | M42: =FALSE() -> FALSE | N42: =COUNTIF($F$2:$F$563,"<"&F42)+(COUNTIF($F$2:$F$563,F42)+1)/2 -> 164.5 | O42: =COUNTIF($H$2:$H$563,"<"&H42)+(COUNTIF($H$2:$H$563,H42)+1)/2 -> 489.5 | P42: =IF(J42=FALSE(),COUNTIFS($J$2:$J$563,FALSE(),$F$2:$F$563,"<"&F42)+(COUNTIFS($J$2:$J$563,FALSE(),$F$2:$F$563,F42)+1)/2,"") -> 162 | Q42: =IF(J42=FALSE(),COUNTIFS($J$2:$J$563,FALSE(),$H$2:$H$563,"<"&H42)+(COUNTIFS($J$2:$J$563,FALSE(),$H$2:$H$563,H42)+1)/2,"") -> 328.5 | R42: =COUNTIF($L$2:$L$563,"<"&L42)+(COUNTIF($L$2:$L$563,L42)+1)/2 -> 500.5 | S42: =MATCH(F42,Codetabel!$G$2:$G$12,0)-1 -> 1 | T42: =H42-1 -> 6
A43: B1 | B43: 66 | C43: 151 | D43: 101, 102 | E43: - slachterijen en pluimveeslachterijen | F43: 100 | G43: 3.2 | H43: 4 | I43: 100 | J43: =TRUE() -> TRUE | K43: 100 | L43: 4 | M43: =TRUE() -> TRUE | N43: =COUNTIF($F$2:$F$563,"<"&F43)+(COUNTIF($F$2:$F$563,F43)+1)/2 -> 418.5 | O43: =COUNTIF($H$2:$H$563,"<"&H43)+(COUNTIF($H$2:$H$563,H43)+1)/2 -> 269 | P43: =IF(J43=FALSE(),COUNTIFS($J$2:$J$563,FALSE(),$F$2:$F$563,"<"&F43)+(COUNTIFS($J$2:$J$563,FALSE(),$F$2:$F$563,F43)+1)/2,"") | Q43: =IF(J43=FALSE(),COUNTIFS($J$2:$J$563,FALSE(),$H$2:$H$563,"<"&H43)+(COUNTIFS($J$2:$J$563,FALSE(),$H$2:$H$563,H43)+1)/2,"") | R43: =COUNTIF($L$2:$L$563,"<"&L43)+(COUNTIF($L$2:$L$563,L43)+1)/2 -> 307.5 | S43: =MATCH(F43,Codetabel!$G$2:$G$12,0)-1 -> 4 | T43: =H43-1 -> 3
A44: B1 | B44: 67 | C44: 151 | D44: 101 | E44: - vetsmelterijen | F44: 700 | G44: 5.2 | H44: 8 | I44: 700 | J44: =TRUE() -> TRUE | K44: 100 | L44: 4 | M44: =FALSE() -> FALSE | N44: =COUNTIF($F$2:$F$563,"<"&F44)+(COUNTIF($F$2:$F$563,F44)+1)/2 -> 552.5 | O44: =COUNTIF($H$2:$H$563,"<"&H44)+(COUNTIF($H$2:$H$563,H44)+1)/2 -> 523.5 | P44: =IF(J44=FALSE(),COUNTIFS($J$2:$J$563,FALSE(),$F$2:$F$563,"<"&F44)+(COUNTIFS($J$2:$J$563,FALSE(),$F$2:$F$563,F44)+1)/2,"") | Q44: =IF(J44=FALSE(),COUNTIFS($J$2:$J$563,FALSE(),$H$2:$H$563,"<"&H44)+(COUNTIFS($J$2:$J$563,FALSE(),$H$2:$H$563,H44)+1)/2,"") | R44: =COUNTIF($L$2:$L$563,"<"&L44)+(COUNTIF($L$2:$L$563,L44)+1)/2 -> 307.5 | S44: =MATCH(F44,Codetabel!$G$2:$G$12,0)-1 -> 8 | T44: =H44-1 -> 7
A45: B1 | B45: 68 | C45: 151 | D45: 101 | E45: - bewerkingsinrichting van darmen en vleesafval | F45: 300 | G45: 4.2 | H45: 6 | I45: 300 | J45: =TRUE() -> TRUE | K45: 100 | L45: 4 | M45: =TRUE() -> TRUE | N45: =COUNTIF($F$2:$F$563,"<"&F45)+(COUNTIF($F$2:$F$563,F45)+1)/2 -> 518 | O45: =COUNTIF($H$2:$H$563,"<"&H45)+(COUNTIF($H$2:$H$563,H45)+1)/2 -> 425.5 | P45: =IF(J45=FALSE(),COUNTIFS($J$2:$J$563,FALSE(),$F$2:$F$563,"<"&F45)+(COUNTIFS($J$2:$J$563,FALSE(),$F$2:$F$563,F45)+1)/2,"") | Q45: =IF(J45=FALSE(),COUNTIFS($J$2:$J$563,FALSE(),$H$2:$H$563,"<"&H45)+(COUNTIFS($J$2:$J$563,FALSE(),$H$2:$H$563,H45)+1)/2,"") | R45: =COUNTIF($L$2:$L$563,"<"&L45)+(COUNTIF($L$2:$L$563,L45)+1)/2 -> 307.5 | S45: =MATCH(F45,Codetabel!$G$2:$G$12,0)-1 -> 6 | T45: =H45-1 -> 5
A46: B1 | B46: 69 | C46: 151 | D46: 101 | E46: - vleeswaren- en vleesconservenfabrieken: p.o. > 1000 m² | F46: 100 | G46: 3.2 | H46: 4 | I46: 100 | J46: =TRUE() -> TRUE | K46: 100 | L46: 4 | M46: =TRUE() -> TRUE | N46: =COUNTIF($F$2:$F$563,"<"&F46)+(COUNTIF($F$2:$F$563,F46)+1)/2 -> 418.5 | O46: =COUNTIF($H$2:$H$563,"<"&H46)+(COUNTIF($H$2:$H$563,H46)+1)/2 -> 269 | P46: =IF(J46=FALSE(),COUNTIFS($J$2:$J$563,FALSE(),$F$2:$F$563,"<"&F46)+(COUNTIFS($J$2:$J$563,FALSE(),$F$2:$F$563,F46)+1)/2,"") | Q46: =IF(J46=FALSE(),COUNTIFS($J$2:$J$563,FALSE(),$H$2:$H$563,"<"&H46)+(COUNTIFS($J$2:$J$563,FALSE(),$H$2:$H$563,H46)+1)/2,"") | R46: =COUNTIF($L$2:$L$563,"<"&L46)+(COUNTIF($L$2:$L$563,L46)+1)/2 -> 307.5 | S46: =MATCH(F46,Codetabel!$G$2:$G$12,0)-1 -> 4 | T46: =H46-1 -> 3
A47: B1 | B47: 70 | C47: 151 | D47: 101 | E47: - vleeswaren- en vleesconservenfabrieken: p.o. <= 1000 m² | F47: 50 | G47: 3.1 | H47: 3 | I47: 50 | J47: =TRUE() -> TRUE | K47: 50 | L47: 3 | M47: =TRUE() -> TRUE | N47: =COUNTIF($F$2:$F$563,"<"&F47)+(COUNTIF($F$2:$F$563,F47)+1)/2 -> 346.5 | O47: =COUNTIF($H$2:$H$563,"<"&H47)+(COUNTIF($H$2:$H$563,H47)+1)/2 -> 176.5 | P47: =IF(J47=FALSE(),COUNTIFS($J$2:$J$563,FALSE(),$F$2:$F$563,"<"&F47)+(COUNTIFS($J$2:$J$563,FALSE(),$F$2:$F$563,F47)+1)/2,"") | Q47: =IF(J47=FALSE(),COUNTIFS($J$2:$J$563,FALSE(),$H$2:$H$563,"<"&H47)+(COUNTIFS($J$2:$J$563,FALSE(),$H$2:$H$563,H47)+1)/2,"") | R47: =COUNTIF($L$2:$L$563,"<"&L47)+(COUNTIF($L$2:$L$563,L47)+1)/2 -> 205 | S47: =MATCH(F47,Codetabel!$G$2:$G$12,0)-1 -> 3 | T47: =H47-1 -> 2
A48: B1 | B48: 71 | C48: 151 | D48: 101 | E48: - vleeswaren- en vleesconservenfabrieken: p.o. <= 200 m² | F48: 30 | G48: 3.1 | H48: 3 | I48: 50 | J48: =FALSE() -> FALSE | K48: 50 | L48: 3 | M48: =TRUE() -> TRUE | N48: =COUNTIF($F$2:$F$563,"<"&F48)+(COUNTIF($F$2:$F$563,F48)+1)/2 -> 259.5 | O48: =COUNTIF($H$2:$H$563,"<"&H48)+(COUNTIF($H$2:$H$563,H48)+1)/2 -> 176.5 | P48: =IF(J48=FALSE(),COUNTIFS($J$2:$J$563,FALSE(),$F$2:$F$563,"<"&F48)+(COUNTIFS($J$2:$J$563,FALSE(),$F$2:$F$563,F48)+1)/2,"") -> 242 | Q48: =IF(J48=FALSE(),COUNTIFS($J$2:$J$563,FALSE(),$H$2:$H$563,"<"&H48)+(COUNTIFS($J$2:$J$563,FALSE(),$H$2:$H$563,H48)+1)/2,"") -> 133.5 | R48: =COUNTIF($L$2:$L$563,"<"&L48)+(COUNTIF($L$2:$L$563,L48)+1)/2 -> 205 | S48: =MATCH(F48,Codetabel!$G$2:$G$12,0)-1 -> 2 | T48: =H48-1 -> 2
A49: B1 | B49: 72 | C49: 151 | D49: 101, 102 | E49: - loonslachterijen | F49: 50 | G49: 3.1 | H49: 3 | I49: 50 | J49: =TRUE() -> TRUE | K49: 50 | L49: 3 | M49: =TRUE() -> TRUE | N49: =COUNTIF($F$2:$F$563,"<"&F49)+(COUNTIF($F$2:$F$563,F49)+1)/2 -> 346.5 | O49: =COUNTIF($H$2:$H$563,"<"&H49)+(COUNTIF($H$2:$H$563,H49)+1)/2 -> 176.5 | P49: =IF(J49=FALSE(),COUNTIFS($J$2:$J$563,FALSE(),$F$2:$F$563,"<"&F49)+(COUNTIFS($J$2:$J$563,FALSE(),$F$2:$F$563,F49)+1)/2,"") | Q49: =IF(J49=FALSE(),COUNTIFS($J$2:$J$563,FALSE(),$H$2:$H$563,"<"&H49)+(COUNTIFS($J$2:$J$563,FALSE(),$H$2:$H$563,H49)+1)/2,"") | R49: =COUNTIF($L$2:$L$563,"<"&L49)+(COUNTIF($L$2:$L$563,L49)+1)/2 -> 205 | S49: =MATCH(F49,Codetabel!$G$2:$G$12,0)-1 -> 3 | T49: =H49-1 -> 2
A50: B1 | B50: 73 | C50: 151 | D50: 108 | E50: - vervaardiging van snacks en vervaardiging van kant-en-klaar-maaltijden met p.o. < 2.000 m² | F50: 50 | G50: 3.1 | H50: 3 | I50: 50 | J50: =TRUE() -> TRUE | K50: 50 | L50: 3 | M50: =TRUE() -> TRUE | N50: =COUNTIF($F$2:$F$563,"<"&F50)+(COUNTIF($F$2:$F$563,F50)+1)/2 -> 346.5 | O50: =COUNTIF($H$2:$H$563,"<"&H50)+(COUNTIF($H$2:$H$563,H50)+1)/2 -> 176.5 | P50: =IF(J50=FALSE(),COUNTIFS($J$2:$J$563,FALSE(),$F$2:$F$563,"<"&F50)+(COUNTIFS($J$2:$J$563,FALSE(),$F$2:$F$563,F50)+1)/2,"") | Q50: =IF(J50=FALSE(),COUNTIFS($J$2:$J$563,FALSE(),$H$2:$H$563,"<"&H50)+(COUNTIFS($J$2:$J$563,FALSE(),$H$2:$H$563,H50)+1)/2,"") | R50: =COUNTIF($L$2:$L$563,"<"&L50)+(COUNTIF($L$2:$L$563,L50)+1)/2 -> 205 | S50: =MATCH(F50,Codetabel!$G$2:$G$12,0)-1 -> 3 | T50: =H50-1 -> 2
A51: B1 | B51: 75 | C51: 152 | D51: 102 | E51: - drogen | F51: 700 | G51: 5.2 | H51: 8 | I51: 700 | J51: =TRUE() -> TRUE | K51: 200 | L51: 5 | M51: =FALSE() -> FALSE | N51: =COUNTIF($F$2:$F$563,"<"&F51)+(COUNTIF($F$2:$F$563,F51)+1)/2 -> 552.5 | O51: =COUNTIF($H$2:$H$563,"<"&H51)+(COUNTIF($H$2:$H$563,H51)+1)/2 -> 523.5 | P51: =IF(J51=FALSE(),COUNTIFS($J$2:$J$563,FALSE(),$F$2:$F$563,"<"&F51)+(COUNTIFS($J$2:$J$563,FALSE(),$F$2:$F$563,F51)+1)/2,"") | Q51: =IF(J51=FALSE(),COUNTIFS($J$2:$J$563,FALSE(),$H$2:$H$563,"<"&H51)+(COUNTIFS($J$2:$J$563,FALSE(),$H$2:$H$563,H51)+1)/2,"") | R51: =COUNTIF($L$2:$L$563,"<"&L51)+(COUNTIF($L$2:$L$563,L51)+1)/2 -> 389.5 | S51: =MATCH(F51,Codetabel!$G$2:$G$12,0)-1 -> 8 | T51: =H51-1 -> 7
A52: B1 | B52: 76 | C52: 152 | D52: 102 | E52: - conserveren | F52: 200 | G52: 4.1 | H52: 5 | I52: 200 | J52: =TRUE() -> TRUE | K52: 100 | L52: 4 | M52: =TRUE() -> TRUE | N52: =COUNTIF($F$2:$F$563,"<"&F52)+(COUNTIF($F$2:$F$563,F52)+1)/2 -> 474.5 | O52: =COUNTIF($H$2:$H$563,"<"&H52)+(COUNTIF($H$2:$H$563,H52)+1)/2 -> 351.5 | P52: =IF(J52=FALSE(),COUNTIFS($J$2:$J$563,FALSE(),$F$2:$F$563,"<"&F52)+(COUNTIFS($J$2:$J$563,FALSE(),$F$2:$F$563,F52)+1)/2,"") | Q52: =IF(J52=FALSE(),COUNTIFS($J$2:$J$563,FALSE(),$H$2:$H$563,"<"&H52)+(COUNTIFS($J$2:$J$563,FALSE(),$H$2:$H$563,H52)+1)/2,"") | R52: =COUNTIF($L$2:$L$563,"<"&L52)+(COUNTIF($L$2:$L$563,L52)+1)/2 -> 307.5 | S52: =MATCH(F52,Codetabel!$G$2:$G$12,0)-1 -> 5 | T52: =H52-1 -> 4
A53: B1 | B53: 77 | C53: 152 | D53: 102 | E53: - roken | F53: 300 | G53: 4.2 | H53: 6 | I53: 300 | J53: =TRUE() -> TRUE | K53: 50 | L53: 3 | M53: =TRUE() -> TRUE | N53: =COUNTIF($F$2:$F$563,"<"&F53)+(COUNTIF($F$2:$F$563,F53)+1)/2 -> 518 | O53: =COUNTIF($H$2:$H$563,"<"&H53)+(COUNTIF($H$2:$H$563,H53)+1)/2 -> 425.5 | P53: =IF(J53=FALSE(),COUNTIFS($J$2:$J$563,FALSE(),$F$2:$F$563,"<"&F53)+(COUNTIFS($J$2:$J$563,FALSE(),$F$2:$F$563,F53)+1)/2,"") | Q53: =IF(J53=FALSE(),COUNTIFS($J$2:$J$563,FALSE(),$H$2:$H$563,"<"&H53)+(COUNTIFS($J$2:$J$563,FALSE(),$H$2:$H$563,H53)+1)/2,"") | R53: =COUNTIF($L$2:$L$563,"<"&L53)+(COUNTIF($L$2:$L$563,L53)+1)/2 -> 205 | S53: =MATCH(F53,Codetabel!$G$2:$G$12,0)-1 -> 6 | T53: =H53-1 -> 5
A54: B1 | B54: 78 | C54: 152 | D54: 102 | E54: - verwerken anderszins: p.o.> 1000 m² | F54: 300 | G54: 4.2 | H54: 6 | I54: 300 | J54: =TRUE() -> TRUE | K54: 50 | L54: 3 | M54: =TRUE() -> TRUE | N54: =COUNTIF($F$2:$F$563,"<"&F54)+(COUNTIF($F$2:$F$563,F54)+1)/2 -> 518 | O54: =COUNTIF($H$2:$H$563,"<"&H54)+(COUNTIF($H$2:$H$563,H54)+1)/2 -> 425.5 | P54: =IF(J54=FALSE(),COUNTIFS($J$2:$J$563,FALSE(),$F$2:$F$563,"<"&F54)+(COUNTIFS($J$2:$J$563,FALSE(),$F$2:$F$563,F54)+1)/2,"") | Q54: =IF(J54=FALSE(),COUNTIFS($J$2:$J$563,FALSE(),$H$2:$H$563,"<"&H54)+(COUNTIFS($J$2:$J$563,FALSE(),$H$2:$H$563,H54)+1)/2,"") | R54: =COUNTIF($L$2:$L$563,"<"&L54)+(COUNTIF($L$2:$L$563,L54)+1)/2 -> 205 | S54: =MATCH(F54,Codetabel!$G$2:$G$12,0)-1 -> 6 | T54: =H54-1 -> 5
A55: B1 | B55: 79 | C55: 152 | D55: 102 | E55: - verwerken anderszins: p.o. <= 1000 m² | F55: 100 | G55: 3.2 | H55: 4 | I55: 100 | J55: =TRUE() -> TRUE | K55: 50 | L55: 3 | M55: =TRUE() -> TRUE | N55: =COUNTIF($F$2:$F$563,"<"&F55)+(COUNTIF($F$2:$F$563,F55)+1)/2 -> 418.5 | O55: =COUNTIF($H$2:$H$563,"<"&H55)+(COUNTIF($H$2:$H$563,H55)+1)/2 -> 269 | P55: =IF(J55=FALSE(),COUNTIFS($J$2:$J$563,FALSE(),$F$2:$F$563,"<"&F55)+(COUNTIFS($J$2:$J$563,FALSE(),$F$2:$F$563,F55)+1)/2,"") | Q55: =IF(J55=FALSE(),COUNTIFS($J$2:$J$563,FALSE(),$H$2:$H$563,"<"&H55)+(COUNTIFS($J$2:$J$563,FALSE(),$H$2:$H$563,H55)+1)/2,"") | R55: =COUNTIF($L$2:$L$563,"<"&L55)+(COUNTIF($L$2:$L$563,L55)+1)/2 -> 205 | S55: =MATCH(F55,Codetabel!$G$2:$G$12,0)-1 -> 4 | T55: =H55-1 -> 3
A56: B1 | B56: 80 | C56: 152 | D56: 102 | E56: - verwerken anderszins: p.o. <= 300 m² | F56: 50 | G56: 3.1 | H56: 3 | I56: 50 | J56: =TRUE() -> TRUE | K56: 30 | L56: 2 | M56: =TRUE() -> TRUE | N56: =COUNTIF($F$2:$F$563,"<"&F56)+(COUNTIF($F$2:$F$563,F56)+1)/2 -> 346.5 | O56: =COUNTIF($H$2:$H$563,"<"&H56)+(COUNTIF($H$2:$H$563,H56)+1)/2 -> 176.5 | P56: =IF(J56=FALSE(),COUNTIFS($J$2:$J$563,FALSE(),$F$2:$F$563,"<"&F56)+(COUNTIFS($J$2:$J$563,FALSE(),$F$2:$F$563,F56)+1)/2,"") | Q56: =IF(J56=FALSE(),COUNTIFS($J$2:$J$563,FALSE(),$H$2:$H$563,"<"&H56)+(COUNTIFS($J$2:$J$563,FALSE(),$H$2:$H$563,H56)+1)/2,"") | R56: =COUNTIF($L$2:$L$563,"<"&L56)+(COUNTIF($L$2:$L$563,L56)+1)/2 -> 101.5 | S56: =MATCH(F56,Codetabel!$G$2:$G$12,0)-1 -> 3 | T56: =H56-1 -> 2
